Workbook

Sheet PrDeparture
A3: Player B | D3: V | E3: V | F3: V | G3: V | H3: E | I3: E | J3: E | K3: O | L3: O | M3: L
A4: Player C | D4: V | E4: E | F4: O | G4: L | H4: E | I4: O | J4: L | K4: O | L4: L | M4: L
A5: Player A | B5: V | C5: P(V) | D5: 0.33 | E5: 0.5 | F5: 0.5 | G5: 0.5 | H5: 1 | I5: 1 | J5: 1 | K5: 1 | L5: 1 | M5: 1
C6: P(E) | D6: 0.33 | E6: 0.5 | F6: 0.5 | G6: 0.5 | H6: 0 | I6: 0 | J6: 0 | K6: 0 | L6: 0 | M6: 0
C7: P(O) | D7: 0.33 | E7: 0 | F7: 0 | G7: 0 | H7: 0 | I7: 0 | J7: 0 | K7: 0 | L7: 0 | M7: 0
C8: P(L) | D8: 0 | E8: 0 | F8: 0 | G8: 0 | H8: 0 | I8: 0 | J8: 0 | K8: 0 | L8: 0 | M8: 0
C9: P(_R) | D9: 0 | E9: 0 | F9: 0 | G9: 0 | H9: 0 | I9: 0 | J9: 0 | K9: 0 | L9: 0 | M9: 0
C10: P(S) | D10: 0 | E10: 0 | F10: 0 | G10: 0 | H10: 0 | I10: 0 | J10: 0 | K10: 0 | L10: 0 | M10: 0
B11: E | C11: P(V) | D11: 0 | E11: 0 | F11: 0 | G11: 0 | H11: 0 | I11: 0 | J11: 0 | K11: 0 | L11: 0 | M11: 0
C12: P(E) | D12: 0 | E12: 0.5 | F12: 1 | G12: 1 | H12: 0.33 | I12: 0.5 | J12: 0.5 | K12: 1 | L12: 1 | M12: 1
C13: P(O) | D13: 1 | E13: 0.5 | F13: 0 | G13: 0 | H13: 0.33 | I13: 0.5 | J13: 0.5 | K13: 0 | L13: 0 | M13: 0
C14: P(L) | D14: 0 | E14: 0 | F14: 0 | G14: 0 | H14: 0.33 | I14: 0 | J14: 0 | K14: 0 | L14: 0 | M14: 0
C15: P(_R) | D15: 0 | E15: 0 | F15: 0 | G15: 0 | H15: 0 | I15: 0 | J15: 0 | K15: 0 | L15: 0 | M15: 0
C16: P(S) | D16: 0 | E16: 0 | F16: 0 | G16: 0 | H16: 0 | I16: 0 | J16: 0 | K16: 0 | L16: 0 | M16: 0
B17: O | C17: P(V) | D17: 0 | E17: 0 | F17: 0 | G17: 0 | H17: 0 | I17: 0 | J17: 0 | K17: 0 | L17: 0 | M17: 0
C18: P(E) | D18: 0 | E18: 0 | F18: 0 | G18: 0 | H18: 0 | I18: 0 | J18: 0 | K18: 0 | L18: 0 | M18: 0
C19: P(O) | D19: 1 | E19: 1 | F19: 0.5 | G19: 1 | H19: 0 | I19: 0.5 | J19: 1 | K19: 0.33 | L19: 0.5 | M19: 1
C20: P(L) | D20: 0 | E20: 0 | F20: 0.5 | G20: 0 | H20: 1 | I20: 0.5 | J20: 0 | K20: 0.33 | L20: 0.5 | M20: 0
C21: P(_R) | D21: 0 | E21: 0 | F21: 0 | G21: 0 | H21: 0 | I21: 0 | J21: 0 | K21: 0.33 | L21: 0 | M21: 0
C22: P(S) | D22: 0 | E22: 0 | F22: 0 | G22: 0 | H22: 0 | I22: 0 | J22: 0 | K22: 0 | L22: 0 | M22: 0
B23: L | C23: P(V) | D23: 0 | E23: 0 | F23: 0 | G23: 0 | H23: 0 | I23: 0 | J23: 0 | K23: 0 | L23: 0 | M23: 0
C24: P(E) | D24: 0 | E24: 0 | F24: 0 | G24: 0 | H24: 0 | I24: 0 | J24: 0 | K24: 0 | L24: 0 | M24: 0
C25: P(O) | D25: 0 | E25: 0 | F25: 0 | G25: 0 | H25: 0 | I25: 0 | J25: 0 | K25: 0 | L25: 0 | M25: 0
C26: P(L) | D26: 1 | E26: 1 | F26: 1 | G26: 0.5 | H26: 1 | I26: 1 | J26: 0.5 | K26: 0 | L26: 0.5 | M26: 0.33
C27: P(_R) | D27: 0 | E27: 0 | F27: 0 | G27: 0.5 | H27: 0 | I27: 0 | J27: 0 | K27: 1 | L27: 0.5 | M27: 0.33
C28: P(S) | D28: 0 | E28: 0 | F28: 0 | G28: 0 | H28: 0 | I28: 0 | J28: 0 | K28: 0 | L28: 0 | M28: 0.33

Sheet Parameters
A1: VeryEarly | B1: 3 | D1: Number of Nash Equilibria (Unpriced) | E1: E,D,L | F1: Number of Nash Equilibria (Unpriced) | G1: Solutions | H1: Number of Nash Equilibria (Priced) | I1: Solutions | J1: LowestTC
A2: Early | B2: 3 | D2: =Master!AW67 -> 1 | E2: 0,0,0 | F2: 64 | G2: all | H2: 64 | I2: all | J2: 0
A3: Ontime | B3: 0 | D3: Number of Nash Equilibria (MC priced) | E3: 0,1,0 | F3: 24 | G3: VEO …, VEL …, VOL …, EOL … , | H3: 24 | I3: VEO …, VEL …, VOL …, EOL … , | J3: 0
A4: Delay | B4: 1 | D4: =Master!BM67 -> 3 | E4: 0,0,1 | F4: 13 | G4: VVV, VVO …, VEE … , VEO, … | H4: 13 | I4: VVV, VVO …, VEE … , VEO, … | J4: 0
A5: Late | B5: 4 | D5: Minimum TC | E5: 0,1,1 | F5: 6 | G5: VEO, … | H5: 6 | I5: VEO, … | J5: 0
D6: =Master!AY67 -> 7 | E6: 1,0,0 | F6: 8 | G6: OOO,LLL,OLL, …, OOL … | H6: 8 | I6: OOO,LLL,LLO, …, OOL … | J6: 0
A7: V=Very Early | E7: 1,1,0 | F7: 7 | G7: OOO, OOL …, OLL, … | H7: 3 | I7: LLO, … | J7: 1 | K7: (others at 1 not Nash)
A8: E - Early | E8: 1,0,1 | F8: 5 | G8: OOO, EEE, … EOO, … | H8: 4 | I8: EEE, EEO, … | J8: 2
A9: O = Ontime | E9: 1,1,1 | F9: 9 | G9: EOL, … , EOO, … | H9: 6 | I9: EOL, … | J9: 2
A10: L=Late | E10: 3,1,4 | F10: 1 | G10: EEE | H10: 3 | I10: EOO, … | J10: 7
A11: R=Really Late | E11: 4,0,3 | F11: 2 | G11: OOO, EEE | H11: 4 | I11: EEE, EOO | J11: 7
A12: S=Super Late | E12: 4,1,3 | F12: 4 | G12: OOO, EOO, ... | H12: 9 | I12: EOL, …, EOO | J12: 7
E13: 3,0,4 | F13: 1 | G13: EEE | H13: 1 | I13: EEE | J13: 7
A16: Tree
A17: Arrival Pattern | B17: Departure Pattern | C17: VEO | D17: VEL | E17: VOL | F17: VLR | G17: EOL | H17: ELR | I17: OLR | J17: LRS | L17: VEO
A18: VVV | B18: VEO | C18: =IF($B18=C$17,1,0) -> 1 | D18: =IF($B18=D$17,1,0) -> 0 | E18: =IF($B18=E$17,1,0) -> 0 | F18: =IF($B18=F$17,1,0) -> 0 | G18: =IF($B18=G$17,1,0) -> 0 | H18: =IF($B18=H$17,1,0) -> 0 | I18: =IF($B18=I$17,1,0) -> 0 | J18: =IF($B18=J$17,1,0) -> 0 | L18: VEL
A19: VVE | B19: VEO | C19: =IF($B19=C$17,1,0) -> 1 | D19: =IF($B19=D$17,1,0) -> 0 | E19: =IF($B19=E$17,1,0) -> 0 | F19: =IF($B19=F$17,1,0) -> 0 | G19: =IF($B19=G$17,1,0) -> 0 | H19: =IF($B19=H$17,1,0) -> 0 | I19: =IF($B19=I$17,1,0) -> 0 | J19: =IF($B19=J$17,1,0) -> 0 | L19: VOL
A20: VVO | B20: VEO | C20: =IF($B20=C$17,1,0) -> 1 | D20: =IF($B20=D$17,1,0) -> 0 | E20: =IF($B20=E$17,1,0) -> 0 | F20: =IF($B20=F$17,1,0) -> 0 | G20: =IF($B20=G$17,1,0) -> 0 | H20: =IF($B20=H$17,1,0) -> 0 | I20: =IF($B20=I$17,1,0) -> 0 | J20: =IF($B20=J$17,1,0) -> 0 | L20: VLR
A21: VVL | B21: VEL | C21: =IF($B21=C$17,1,0) -> 0 | D21: =IF($B21=D$17,1,0) -> 1 | E21: =IF($B21=E$17,1,0) -> 0 | F21: =IF($B21=F$17,1,0) -> 0 | G21: =IF($B21=G$17,1,0) -> 0 | H21: =IF($B21=H$17,1,0) -> 0 | I21: =IF($B21=I$17,1,0) -> 0 | J21: =IF($B21=J$17,1,0) -> 0 | L21: EOL
A22: VEV | B22: VEO | C22: =IF($B22=C$17,1,0) -> 1 | D22: =IF($B22=D$17,1,0) -> 0 | E22: =IF($B22=E$17,1,0) -> 0 | F22: =IF($B22=F$17,1,0) -> 0 | G22: =IF($B22=G$17,1,0) -> 0 | H22: =IF($B22=H$17,1,0) -> 0 | I22: =IF($B22=I$17,1,0) -> 0 | J22: =IF($B22=J$17,1,0) -> 0 | L22: ELR
A23: VEE | B23: VEO | C23: =IF($B23=C$17,1,0) -> 1 | D23: =IF($B23=D$17,1,0) -> 0 | E23: =IF($B23=E$17,1,0) -> 0 | F23: =IF($B23=F$17,1,0) -> 0 | G23: =IF($B23=G$17,1,0) -> 0 | H23: =IF($B23=H$17,1,0) -> 0 | I23: =IF($B23=I$17,1,0) -> 0 | J23: =IF($B23=J$17,1,0) -> 0 | L23: OLR
A24: VEO | B24: VEO | C24: =IF($B24=C$17,1,0) -> 1 | D24: =IF($B24=D$17,1,0) -> 0 | E24: =IF($B24=E$17,1,0) -> 0 | F24: =IF($B24=F$17,1,0) -> 0 | G24: =IF($B24=G$17,1,0) -> 0 | H24: =IF($B24=H$17,1,0) -> 0 | I24: =IF($B24=I$17,1,0) -> 0 | J24: =IF($B24=J$17,1,0) -> 0 | L24: LRS
A25: VEL | B25: VEL | C25: =IF($B25=C$17,1,0) -> 0 | D25: =IF($B25=D$17,1,0) -> 1 | E25: =IF($B25=E$17,1,0) -> 0 | F25: =IF($B25=F$17,1,0) -> 0 | G25: =IF($B25=G$17,1,0) -> 0 | H25: =IF($B25=H$17,1,0) -> 0 | I25: =IF($B25=I$17,1,0) -> 0 | J25: =IF($B25=J$17,1,0) -> 0
A26: VOV | B26: VEO | C26: =IF($B26=C$17,1,0) -> 1 | D26: =IF($B26=D$17,1,0) -> 0 | E26: =IF($B26=E$17,1,0) -> 0 | F26: =IF($B26=F$17,1,0) -> 0 | G26: =IF($B26=G$17,1,0) -> 0 | H26: =IF($B26=H$17,1,0) -> 0 | I26: =IF($B26=I$17,1,0) -> 0 | J26: =IF($B26=J$17,1,0) -> 0
A27: VOE | B27: VEO | C27: =IF($B27=C$17,1,0) -> 1 | D27: =IF($B27=D$17,1,0) -> 0 | E27: =IF($B27=E$17,1,0) -> 0 | F27: =IF($B27=F$17,1,0) -> 0 | G27: =IF($B27=G$17,1,0) -> 0 | H27: =IF($B27=H$17,1,0) -> 0 | I27: =IF($B27=I$17,1,0) -> 0 | J27: =IF($B27=J$17,1,0) -> 0
A28: VOO | B28: VOL | C28: =IF($B28=C$17,1,0) -> 0 | D28: =IF($B28=D$17,1,0) -> 0 | E28: =IF($B28=E$17,1,0) -> 1 | F28: =IF($B28=F$17,1,0) -> 0 | G28: =IF($B28=G$17,1,0) -> 0 | H28: =IF($B28=H$17,1,0) -> 0 | I28: =IF($B28=I$17,1,0) -> 0 | J28: =IF($B28=J$17,1,0) -> 0
A29: VOL | B29: VOL | C29: =IF($B29=C$17,1,0) -> 0 | D29: =IF($B29=D$17,1,0) -> 0 | E29: =IF($B29=E$17,1,0) -> 1 | F29: =IF($B29=F$17,1,0) -> 0 | G29: =IF($B29=G$17,1,0) -> 0 | H29: =IF($B29=H$17,1,0) -> 0 | I29: =IF($B29=I$17,1,0) -> 0 | J29: =IF($B29=J$17,1,0) -> 0
A30: VLV | B30: VEL | C30: =IF($B30=C$17,1,0) -> 0 | D30: =IF($B30=D$17,1,0) -> 1 | E30: =IF($B30=E$17,1,0) -> 0 | F30: =IF($B30=F$17,1,0) -> 0 | G30: =IF($B30=G$17,1,0) -> 0 | H30: =IF($B30=H$17,1,0) -> 0 | I30: =IF($B30=I$17,1,0) -> 0 | J30: =IF($B30=J$17,1,0) -> 0
A31: VLE | B31: VEL | C31: =IF($B31=C$17,1,0) -> 0 | D31: =IF($B31=D$17,1,0) -> 1 | E31: =IF($B31=E$17,1,0) -> 0 | F31: =IF($B31=F$17,1,0) -> 0 | G31: =IF($B31=G$17,1,0) -> 0 | H31: =IF($B31=H$17,1,0) -> 0 | I31: =IF($B31=I$17,1,0) -> 0 | J31: =IF($B31=J$17,1,0) -> 0
A32: VLO | B32: VOL | C32: =IF($B32=C$17,1,0) -> 0 | D32: =IF($B32=D$17,1,0) -> 0 | E32: =IF($B32=E$17,1,0) -> 1 | F32: =IF($B32=F$17,1,0) -> 0 | G32: =IF($B32=G$17,1,0) -> 0 | H32: =IF($B32=H$17,1,0) -> 0 | I32: =IF($B32=I$17,1,0) -> 0 | J32: =IF($B32=J$17,1,0) -> 0
A33: VLL | B33: VLR | C33: =IF($B33=C$17,1,0) -> 0 | D33: =IF($B33=D$17,1,0) -> 0 | E33: =IF($B33=E$17,1,0) -> 0 | F33: =IF($B33=F$17,1,0) -> 1 | G33: =IF($B33=G$17,1,0) -> 0 | H33: =IF($B33=H$17,1,0) -> 0 | I33: =IF($B33=I$17,1,0) -> 0 | J33: =IF($B33=J$17,1,0) -> 0
A34: EVV | B34: VEO | C34: =IF($B34=C$17,1,0) -> 1 | D34: =IF($B34=D$17,1,0) -> 0 | E34: =IF($B34=E$17,1,0) -> 0 | F34: =IF($B34=F$17,1,0) -> 0 | G34: =IF($B34=G$17,1,0) -> 0 | H34: =IF($B34=H$17,1,0) -> 0 | I34: =IF($B34=I$17,1,0) -> 0 | J34: =IF($B34=J$17,1,0) -> 0
A35: EVE | B35: VEO | C35: =IF($B35=C$17,1,0) -> 1 | D35: =IF($B35=D$17,1,0) -> 0 | E35: =IF($B35=E$17,1,0) -> 0 | F35: =IF($B35=F$17,1,0) -> 0 | G35: =IF($B35=G$17,1,0) -> 0 | H35: =IF($B35=H$17,1,0) -> 0 | I35: =IF($B35=I$17,1,0) -> 0 | J35: =IF($B35=J$17,1,0) -> 0
A36: EVO | B36: VEO | C36: =IF($B36=C$17,1,0) -> 1 | D36: =IF($B36=D$17,1,0) -> 0 | E36: =IF($B36=E$17,1,0) -> 0 | F36: =IF($B36=F$17,1,0) -> 0 | G36: =IF($B36=G$17,1,0) -> 0 | H36: =IF($B36=H$17,1,0) -> 0 | I36: =IF($B36=I$17,1,0) -> 0 | J36: =IF($B36=J$17,1,0) -> 0
... A81: LLL | B81: LRS | C81: =IF($B81=C$17,1,0) -> 0 | D81: =IF($B81=D$17,1,0) -> 0 | E81: =IF($B81=E$17,1,0) -> 0 | F81: =IF($B81=F$17,1,0) -> 0 | G81: =IF($B81=G$17,1,0) -> 0 | H81: =IF($B81=H$17,1,0) -> 0 | I81: =IF($B81=I$17,1,0) -> 0 | J81: =IF($B81=J$17,1,0) -> 1
C83: =SUM(C18:C81) -> 16 | D83: =SUM(D18:D81) -> 9 | E83: =SUM(E18:E81) -> 9 | F83: =SUM(F18:F81) -> 3 | G83: =SUM(G18:G81) -> 16 | H83: =SUM(H18:H81) -> 3 | I83: =SUM(I18:I81) -> 7 | J83: =SUM(J18:J81) -> 1 | K83: =SUM(C83:J83) -> 64

Sheet TwoPlayers
A1: Vehicle A | B1: Vehicle B | C1: V | D1: E | E1: O | F1: L | G1: AV | H1: AE | I1: AO | J1: AL | K1: BV | L1: BE | M1: BO | N1: BL | O1: QLV | P1: QLE | Q1: QLO | R1: QLL | S1: E(Delay A) | T1: E(Delay B) | U1: E(ArrivalTimeA) | V1: E(ArrivalTimeB) | W1: ArrA1 | X1: ArrA2 | Y1: ArrA3 | Z1: ArrB1 | AA1: ArrB2 | AB1: ArrB3 | AC1: E(SD A) | AD1: E(SD B) | AE1: Price A | AF1: Price B | AG1: PATTERN | AH1: TC
A2: V | B2: V | C2: =(IF($A2="V",1,0))+IF($B2="V",1,0) -> 2 | D2: =(IF($A2="E",1,0))+IF($B2="E",1,0) -> 0 | E2: =(IF($A2="O",1,0))+IF($B2="O",1,0) -> 0 | F2: =(IF($A2="L",1,0))+IF($B2="L",1,0) -> 0 | G2: =(IF(A2="V",1,0)) -> 1 | H2: =(IF(A2="E",1,0)) -> 0 | I2: =(IF(A2="O",1,0)) -> 0 | J2: =(IF(A2="L",1,0)) -> 0 | K2: =(IF(B2="V",1,0)) -> 1 | L2: =(IF(B2="E",1,0)) -> 0 | M2: =(IF(B2="O",1,0)) -> 0 | N2: =(IF(B2="L",1,0)) -> 0 | O2: =MAX(C2-1,0) -> 1 | P2: =MAX(O2-1+D2,0) -> 0 | Q2: =MAX(P2-1+E2,0) -> 0 | R2: =MAX(Q2-1+F2,0) -> 0 | S2: =0.5*($O2*G2+$P2*H2+$Q2*I2+$R2*J2) -> 0.5 | T2: =0.5*($O2*K2+$P2*L2+$Q2*M2+$R2*N2) -> 0.5 | U2: =IF(A2="V",-2,0)+IF(A2="E",-1,0)+IF(A2="O",0,0)+IF(A2="L",1,0)+S2 -> -1.5 | V2: =IF(B2="V",-2,0)+IF(B2="E",-1,0)+IF(B2="O",0,0)+IF(B2="L",1,0)+T2 -> -1.5 | W2: =IF(A2="V",-2,0)+IF(A2="E",-1,0)+IF(A2="O",0,0)+IF(A2="L",1,0) -> -2 | X2: =IF(A2="V",-2,0)+IF(A2="E",-1,0)+IF(A2="O",0,0)+IF(A2="L",1,0)+S2 -> -1.5 | Y2: =IF(A2="V",-2,0)+IF(A2="E",-1,0)+IF(A2="O",0,0)+IF(A2="L",1,0)+S2*2 -> -1 | Z2: =IF(B2="V",-2,0)+IF(B2="E",-1,0)+IF(B2="O",0,0)+IF(B2="L",1,0) -> -2 | AA2: =IF(B2="V",-2,0)+IF(B2="E",-1,0)+IF(B2="O",0,0)+IF(B2="L",1,0)+T2 -> -1.5 | AB2: =IF(B2="V",-2,0)+IF(B2="E",-1,0)+IF(B2="O",0,0)+IF(B2="L",1,0)+T2*2 -> -1 | AC2: =(ABS(IF(W2<0,W2*Early,W2*Late))+ABS(IF(X2<0,X2*Early,X2*Late))+ABS(IF(Y2<0,Y2*Early,Y2*Late)))/3 -> 4.5 | AD2: =(ABS(IF(Z2<0,Z2*Early,Z2*Late))+ABS(IF(AA2<0,AA2*Early,AA2*Late))+ABS(IF(AB2<0,AB2*Early,AB2*Late)))/3 -> 4.5 | AE2: =S2*Delay+AC2 -> 5 | AF2: =T2*Delay+AD2 -> 5 | AG2: =A2&B2 -> VV | AH2: =AE2+AF2 -> 10
A3: V | B3: E | C3: =(IF($A3="V",1,0))+IF($B3="V",1,0) -> 1 | D3: =(IF($A3="E",1,0))+IF($B3="E",1,0) -> 1 | E3: =(IF($A3="O",1,0))+IF($B3="O",1,0) -> 0 | F3: =(IF($A3="L",1,0))+IF($B3="L",1,0) -> 0 | G3: =(IF(A3="V",1,0)) -> 1 | H3: =(IF(A3="E",1,0)) -> 0 | I3: =(IF(A3="O",1,0)) -> 0 | J3: =(IF(A3="L",1,0)) -> 0 | K3: =(IF(B3="V",1,0)) -> 0 | L3: =(IF(B3="E",1,0)) -> 1 | M3: =(IF(B3="O",1,0)) -> 0 | N3: =(IF(B3="L",1,0)) -> 0 | O3: =MAX(C3-1,0) -> 0 | P3: =MAX(O3-1+D3,0) -> 0 | Q3: =MAX(P3-1+E3,0) -> 0 | R3: =MAX(Q3-1+F3,0) -> 0 | S3: =0.5*($O3*G3+$P3*H3+$Q3*I3+$R3*J3) -> 0 | T3: =0.5*($O3*K3+$P3*L3+$Q3*M3+$R3*N3) -> 0 | U3: =IF(A3="V",-2,0)+IF(A3="E",-1,0)+IF(A3="O",0,0)+IF(A3="L",1,0)+S3 -> -2 | V3: =IF(B3="V",-2,0)+IF(B3="E",-1,0)+IF(B3="O",0,0)+IF(B3="L",1,0)+T3 -> -1 | W3: =IF(A3="V",-2,0)+IF(A3="E",-1,0)+IF(A3="O",0,0)+IF(A3="L",1,0) -> -2 | X3: =IF(A3="V",-2,0)+IF(A3="E",-1,0)+IF(A3="O",0,0)+IF(A3="L",1,0)+S3 -> -2 | Y3: =IF(A3="V",-2,0)+IF(A3="E",-1,0)+IF(A3="O",0,0)+IF(A3="L",1,0)+S3*2 -> -2 | Z3: =IF(B3="V",-2,0)+IF(B3="E",-1,0)+IF(B3="O",0,0)+IF(B3="L",1,0) -> -1 | AA3: =IF(B3="V",-2,0)+IF(B3="E",-1,0)+IF(B3="O",0,0)+IF(B3="L",1,0)+T3 -> -1 | AB3: =IF(B3="V",-2,0)+IF(B3="E",-1,0)+IF(B3="O",0,0)+IF(B3="L",1,0)+T3*2 -> -1 | AC3: =(ABS(IF(W3<0,W3*Early,W3*Late))+ABS(IF(X3<0,X3*Early,X3*Late))+ABS(IF(Y3<0,Y3*Early,Y3*Late)))/3 -> 6 | AD3: =(ABS(IF(Z3<0,Z3*Early,Z3*Late))+ABS(IF(AA3<0,AA3*Early,AA3*Late))+ABS(IF(AB3<0,AB3*Early,AB3*Late)))/3 -> 3 | AE3: =S3*Delay+AC3 -> 6 | AF3: =T3*Delay+AD3 -> 3 | AG3: =A3&B3 -> VE | AH3: =AE3+AF3 -> 9
A4: V | B4: O | C4: =(IF($A4="V",1,0))+IF($B4="V",1,0) -> 1 | D4: =(IF($A4="E",1,0))+IF($B4="E",1,0) -> 0 | E4: =(IF($A4="O",1,0))+IF($B4="O",1,0) -> 1 | F4: =(IF($A4="L",1,0))+IF($B4="L",1,0) -> 0 | G4: =(IF(A4="V",1,0)) -> 1 | H4: =(IF(A4="E",1,0)) -> 0 | I4: =(IF(A4="O",1,0)) -> 0 | J4: =(IF(A4="L",1,0)) -> 0 | K4: =(IF(B4="V",1,0)) -> 0 | L4: =(IF(B4="E",1,0)) -> 0 | M4: =(IF(B4="O",1,0)) -> 1 | N4: =(IF(B4="L",1,0)) -> 0 | O4: =MAX(C4-1,0) -> 0 | P4: =MAX(O4-1+D4,0) -> 0 | Q4: =MAX(P4-1+E4,0) -> 0 | R4: =MAX(Q4-1+F4,0) -> 0 | S4: =0.5*($O4*G4+$P4*H4+$Q4*I4+$R4*J4) -> 0 | T4: =0.5*($O4*K4+$P4*L4+$Q4*M4+$R4*N4) -> 0 | U4: =IF(A4="V",-2,0)+IF(A4="E",-1,0)+IF(A4="O",0,0)+IF(A4="L",1,0)+S4 -> -2 | V4: =IF(B4="V",-2,0)+IF(B4="E",-1,0)+IF(B4="O",0,0)+IF(B4="L",1,0)+T4 -> 0 | W4: =IF(A4="V",-2,0)+IF(A4="E",-1,0)+IF(A4="O",0,0)+IF(A4="L",1,0) -> -2 | X4: =IF(A4="V",-2,0)+IF(A4="E",-1,0)+IF(A4="O",0,0)+IF(A4="L",1,0)+S4 -> -2 | Y4: =IF(A4="V",-2,0)+IF(A4="E",-1,0)+IF(A4="O",0,0)+IF(A4="L",1,0)+S4*2 -> -2 | Z4: =IF(B4="V",-2,0)+IF(B4="E",-1,0)+IF(B4="O",0,0)+IF(B4="L",1,0) -> 0 | AA4: =IF(B4="V",-2,0)+IF(B4="E",-1,0)+IF(B4="O",0,0)+IF(B4="L",1,0)+T4 -> 0 | AB4: =IF(B4="V",-2,0)+IF(B4="E",-1,0)+IF(B4="O",0,0)+IF(B4="L",1,0)+T4*2 -> 0 | AC4: =(ABS(IF(W4<0,W4*Early,W4*Late))+ABS(IF(X4<0,X4*Early,X4*Late))+ABS(IF(Y4<0,Y4*Early,Y4*Late)))/3 -> 6 | AD4: =(ABS(IF(Z4<0,Z4*Early,Z4*Late))+ABS(IF(AA4<0,AA4*Early,AA4*Late))+ABS(IF(AB4<0,AB4*Early,AB4*Late)))/3 -> 0 | AE4: =S4*Delay+AC4 -> 6 | AF4: =T4*Delay+AD4 -> 0 | AG4: =A4&B4 -> VO | AH4: =AE4+AF4 -> 6
A5: V | B5: L | C5: =(IF($A5="V",1,0))+IF($B5="V",1,0) -> 1 | D5: =(IF($A5="E",1,0))+IF($B5="E",1,0) -> 0 | E5: =(IF($A5="O",1,0))+IF($B5="O",1,0) -> 0 | F5: =(IF($A5="L",1,0))+IF($B5="L",1,0) -> 1 | G5: =(IF(A5="V",1,0)) -> 1 | H5: =(IF(A5="E",1,0)) -> 0 | I5: =(IF(A5="O",1,0)) -> 0 | J5: =(IF(A5="L",1,0)) -> 0 | K5: =(IF(B5="V",1,0)) -> 0 | L5: =(IF(B5="E",1,0)) -> 0 | M5: =(IF(B5="O",1,0)) -> 0 | N5: =(IF(B5="L",1,0)) -> 1 | O5: =MAX(C5-1,0) -> 0 | P5: =MAX(O5-1+D5,0) -> 0 | Q5: =MAX(P5-1+E5,0) -> 0 | R5: =MAX(Q5-1+F5,0) -> 0 | S5: =0.5*($O5*G5+$P5*H5+$Q5*I5+$R5*J5) -> 0 | T5: =0.5*($O5*K5+$P5*L5+$Q5*M5+$R5*N5) -> 0 | U5: =IF(A5="V",-2,0)+IF(A5="E",-1,0)+IF(A5="O",0,0)+IF(A5="L",1,0)+S5 -> -2 | V5: =IF(B5="V",-2,0)+IF(B5="E",-1,0)+IF(B5="O",0,0)+IF(B5="L",1,0)+T5 -> 1 | W5: =IF(A5="V",-2,0)+IF(A5="E",-1,0)+IF(A5="O",0,0)+IF(A5="L",1,0) -> -2 | X5: =IF(A5="V",-2,0)+IF(A5="E",-1,0)+IF(A5="O",0,0)+IF(A5="L",1,0)+S5 -> -2 | Y5: =IF(A5="V",-2,0)+IF(A5="E",-1,0)+IF(A5="O",0,0)+IF(A5="L",1,0)+S5*2 -> -2 | Z5: =IF(B5="V",-2,0)+IF(B5="E",-1,0)+IF(B5="O",0,0)+IF(B5="L",1,0) -> 1 | AA5: =IF(B5="V",-2,0)+IF(B5="E",-1,0)+IF(B5="O",0,0)+IF(B5="L",1,0)+T5 -> 1 | AB5: =IF(B5="V",-2,0)+IF(B5="E",-1,0)+IF(B5="O",0,0)+IF(B5="L",1,0)+T5*2 -> 1 | AC5: =(ABS(IF(W5<0,W5*Early,W5*Late))+ABS(IF(X5<0,X5*Early,X5*Late))+ABS(IF(Y5<0,Y5*Early,Y5*Late)))/3 -> 6 | AD5: =(ABS(IF(Z5<0,Z5*Early,Z5*Late))+ABS(IF(AA5<0,AA5*Early,AA5*Late))+ABS(IF(AB5<0,AB5*Early,AB5*Late)))/3 -> 4 | AE5: =S5*Delay+AC5 -> 6 | AF5: =T5*Delay+AD5 -> 4 | AG5: =A5&B5 -> VL | AH5: =AE5+AF5 -> 10
A6: E | B6: V | C6: =(IF($A6="V",1,0))+IF($B6="V",1,0) -> 1 | D6: =(IF($A6="E",1,0))+IF($B6="E",1,0) -> 1 | E6: =(IF($A6="O",1,0))+IF($B6="O",1,0) -> 0 | F6: =(IF($A6="L",1,0))+IF($B6="L",1,0) -> 0 | G6: =(IF(A6="V",1,0)) -> 0 | H6: =(IF(A6="E",1,0)) -> 1 | I6: =(IF(A6="O",1,0)) -> 0 | J6: =(IF(A6="L",1,0)) -> 0 | K6: =(IF(B6="V",1,0)) -> 1 | L6: =(IF(B6="E",1,0)) -> 0 | M6: =(IF(B6="O",1,0)) -> 0 | N6: =(IF(B6="L",1,0)) -> 0 | O6: =MAX(C6-1,0) -> 0 | P6: =MAX(O6-1+D6,0) -> 0 | Q6: =MAX(P6-1+E6,0) -> 0 | R6: =MAX(Q6-1+F6,0) -> 0 | S6: =0.5*($O6*G6+$P6*H6+$Q6*I6+$R6*J6) -> 0 | T6: =0.5*($O6*K6+$P6*L6+$Q6*M6+$R6*N6) -> 0 | U6: =IF(A6="V",-2,0)+IF(A6="E",-1,0)+IF(A6="O",0,0)+IF(A6="L",1,0)+S6 -> -1 | V6: =IF(B6="V",-2,0)+IF(B6="E",-1,0)+IF(B6="O",0,0)+IF(B6="L",1,0)+T6 -> -2 | W6: =IF(A6="V",-2,0)+IF(A6="E",-1,0)+IF(A6="O",0,0)+IF(A6="L",1,0) -> -1 | X6: =IF(A6="V",-2,0)+IF(A6="E",-1,0)+IF(A6="O",0,0)+IF(A6="L",1,0)+S6 -> -1 | Y6: =IF(A6="V",-2,0)+IF(A6="E",-1,0)+IF(A6="O",0,0)+IF(A6="L",1,0)+S6*2 -> -1 | Z6: =IF(B6="V",-2,0)+IF(B6="E",-1,0)+IF(B6="O",0,0)+IF(B6="L",1,0) -> -2 | AA6: =IF(B6="V",-2,0)+IF(B6="E",-1,0)+IF(B6="O",0,0)+IF(B6="L",1,0)+T6 -> -2 | AB6: =IF(B6="V",-2,0)+IF(B6="E",-1,0)+IF(B6="O",0,0)+IF(B6="L",1,0)+T6*2 -> -2 | AC6: =(ABS(IF(W6<0,W6*Early,W6*Late))+ABS(IF(X6<0,X6*Early,X6*Late))+ABS(IF(Y6<0,Y6*Early,Y6*Late)))/3 -> 3 | AD6: =(ABS(IF(Z6<0,Z6*Early,Z6*Late))+ABS(IF(AA6<0,AA6*Early,AA6*Late))+ABS(IF(AB6<0,AB6*Early,AB6*Late)))/3 -> 6 | AE6: =S6*Delay+AC6 -> 3 | AF6: =T6*Delay+AD6 -> 6 | AG6: =A6&B6 -> EV | AH6: =AE6+AF6 -> 9
A7: E | B7: E | C7: =(IF($A7="V",1,0))+IF($B7="V",1,0) -> 0 | D7: =(IF($A7="E",1,0))+IF($B7="E",1,0) -> 2 | E7: =(IF($A7="O",1,0))+IF($B7="O",1,0) -> 0 | F7: =(IF($A7="L",1,0))+IF($B7="L",1,0) -> 0 | G7: =(IF(A7="V",1,0)) -> 0 | H7: =(IF(A7="E",1,0)) -> 1 | I7: =(IF(A7="O",1,0)) -> 0 | J7: =(IF(A7="L",1,0)) -> 0 | K7: =(IF(B7="V",1,0)) -> 0 | L7: =(IF(B7="E",1,0)) -> 1 | M7: =(IF(B7="O",1,0)) -> 0 | N7: =(IF(B7="L",1,0)) -> 0 | O7: =MAX(C7-1,0) -> 0 | P7: =MAX(O7-1+D7,0) -> 1 | Q7: =MAX(P7-1+E7,0) -> 0 | R7: =MAX(Q7-1+F7,0) -> 0 | S7: =0.5*($O7*G7+$P7*H7+$Q7*I7+$R7*J7) -> 0.5 | T7: =0.5*($O7*K7+$P7*L7+$Q7*M7+$R7*N7) -> 0.5 | U7: =IF(A7="V",-2,0)+IF(A7="E",-1,0)+IF(A7="O",0,0)+IF(A7="L",1,0)+S7 -> -0.5 | V7: =IF(B7="V",-2,0)+IF(B7="E",-1,0)+IF(B7="O",0,0)+IF(B7="L",1,0)+T7 -> -0.5 | W7: =IF(A7="V",-2,0)+IF(A7="E",-1,0)+IF(A7="O",0,0)+IF(A7="L",1,0) -> -1 | X7: =IF(A7="V",-2,0)+IF(A7="E",-1,0)+IF(A7="O",0,0)+IF(A7="L",1,0)+S7 -> -0.5 | Y7: =IF(A7="V",-2,0)+IF(A7="E",-1,0)+IF(A7="O",0,0)+IF(A7="L",1,0)+S7*2 -> 0 | Z7: =IF(B7="V",-2,0)+IF(B7="E",-1,0)+IF(B7="O",0,0)+IF(B7="L",1,0) -> -1 | AA7: =IF(B7="V",-2,0)+IF(B7="E",-1,0)+IF(B7="O",0,0)+IF(B7="L",1,0)+T7 -> -0.5 | AB7: =IF(B7="V",-2,0)+IF(B7="E",-1,0)+IF(B7="O",0,0)+IF(B7="L",1,0)+T7*2 -> 0 | AC7: =(ABS(IF(W7<0,W7*Early,W7*Late))+ABS(IF(X7<0,X7*Early,X7*Late))+ABS(IF(Y7<0,Y7*Early,Y7*Late)))/3 -> 1.5 | AD7: =(ABS(IF(Z7<0,Z7*Early,Z7*Late))+ABS(IF(AA7<0,AA7*Early,AA7*Late))+ABS(IF(AB7<0,AB7*Early,AB7*Late)))/3 -> 1.5 | AE7: =S7*Delay+AC7 -> 2 | AF7: =T7*Delay+AD7 -> 2 | AG7: =A7&B7 -> EE | AH7: =AE7+AF7 -> 4
A8: E | B8: O | C8: =(IF($A8="V",1,0))+IF($B8="V",1,0) -> 0 | D8: =(IF($A8="E",1,0))+IF($B8="E",1,0) -> 1 | E8: =(IF($A8="O",1,0))+IF($B8="O",1,0) -> 1 | F8: =(IF($A8="L",1,0))+IF($B8="L",1,0) -> 0 | G8: =(IF(A8="V",1,0)) -> 0 | H8: =(IF(A8="E",1,0)) -> 1 | I8: =(IF(A8="O",1,0)) -> 0 | J8: =(IF(A8="L",1,0)) -> 0 | K8: =(IF(B8="V",1,0)) -> 0 | L8: =(IF(B8="E",1,0)) -> 0 | M8: =(IF(B8="O",1,0)) -> 1 | N8: =(IF(B8="L",1,0)) -> 0 | O8: =MAX(C8-1,0) -> 0 | P8: =MAX(O8-1+D8,0) -> 0 | Q8: =MAX(P8-1+E8,0) -> 0 | R8: =MAX(Q8-1+F8,0) -> 0 | S8: =0.5*($O8*G8+$P8*H8+$Q8*I8+$R8*J8) -> 0 | T8: =0.5*($O8*K8+$P8*L8+$Q8*M8+$R8*N8) -> 0 | U8: =IF(A8="V",-2,0)+IF(A8="E",-1,0)+IF(A8="O",0,0)+IF(A8="L",1,0)+S8 -> -1 | V8: =IF(B8="V",-2,0)+IF(B8="E",-1,0)+IF(B8="O",0,0)+IF(B8="L",1,0)+T8 -> 0 | W8: =IF(A8="V",-2,0)+IF(A8="E",-1,0)+IF(A8="O",0,0)+IF(A8="L",1,0) -> -1 | X8: =IF(A8="V",-2,0)+IF(A8="E",-1,0)+IF(A8="O",0,0)+IF(A8="L",1,0)+S8 -> -1 | Y8: =IF(A8="V",-2,0)+IF(A8="E",-1,0)+IF(A8="O",0,0)+IF(A8="L",1,0)+S8*2 -> -1 | Z8: =IF(B8="V",-2,0)+IF(B8="E",-1,0)+IF(B8="O",0,0)+IF(B8="L",1,0) -> 0 | AA8: =IF(B8="V",-2,0)+IF(B8="E",-1,0)+IF(B8="O",0,0)+IF(B8="L",1,0)+T8 -> 0 | AB8: =IF(B8="V",-2,0)+IF(B8="E",-1,0)+IF(B8="O",0,0)+IF(B8="L",1,0)+T8*2 -> 0 | AC8: =(ABS(IF(W8<0,W8*Early,W8*Late))+ABS(IF(X8<0,X8*Early,X8*Late))+ABS(IF(Y8<0,Y8*Early,Y8*Late)))/3 -> 3 | AD8: =(ABS(IF(Z8<0,Z8*Early,Z8*Late))+ABS(IF(AA8<0,AA8*Early,AA8*Late))+ABS(IF(AB8<0,AB8*Early,AB8*Late)))/3 -> 0 | AE8: =S8*Delay+AC8 -> 3 | AF8: =T8*Delay+AD8 -> 0 | AG8: =A8&B8 -> EO | AH8: =AE8+AF8 -> 3
A9: E | B9: L | C9: =(IF($A9="V",1,0))+IF($B9="V",1,0) -> 0 | D9: =(IF($A9="E",1,0))+IF($B9="E",1,0) -> 1 | E9: =(IF($A9="O",1,0))+IF($B9="O",1,0) -> 0 | F9: =(IF($A9="L",1,0))+IF($B9="L",1,0) -> 1 | G9: =(IF(A9="V",1,0)) -> 0 | H9: =(IF(A9="E",1,0)) -> 1 | I9: =(IF(A9="O",1,0)) -> 0 | J9: =(IF(A9="L",1,0)) -> 0 | K9: =(IF(B9="V",1,0)) -> 0 | L9: =(IF(B9="E",1,0)) -> 0 | M9: =(IF(B9="O",1,0)) -> 0 | N9: =(IF(B9="L",1,0)) -> 1 | O9: =MAX(C9-1,0) -> 0 | P9: =MAX(O9-1+D9,0) -> 0 | Q9: =MAX(P9-1+E9,0) -> 0 | R9: =MAX(Q9-1+F9,0) -> 0 | S9: =0.5*($O9*G9+$P9*H9+$Q9*I9+$R9*J9) -> 0 | T9: =0.5*($O9*K9+$P9*L9+$Q9*M9+$R9*N9) -> 0 | U9: =IF(A9="V",-2,0)+IF(A9="E",-1,0)+IF(A9="O",0,0)+IF(A9="L",1,0)+S9 -> -1 | V9: =IF(B9="V",-2,0)+IF(B9="E",-1,0)+IF(B9="O",0,0)+IF(B9="L",1,0)+T9 -> 1 | W9: =IF(A9="V",-2,0)+IF(A9="E",-1,0)+IF(A9="O",0,0)+IF(A9="L",1,0) -> -1 | X9: =IF(A9="V",-2,0)+IF(A9="E",-1,0)+IF(A9="O",0,0)+IF(A9="L",1,0)+S9 -> -1 | Y9: =IF(A9="V",-2,0)+IF(A9="E",-1,0)+IF(A9="O",0,0)+IF(A9="L",1,0)+S9*2 -> -1 | Z9: =IF(B9="V",-2,0)+IF(B9="E",-1,0)+IF(B9="O",0,0)+IF(B9="L",1,0) -> 1 | AA9: =IF(B9="V",-2,0)+IF(B9="E",-1,0)+IF(B9="O",0,0)+IF(B9="L",1,0)+T9 -> 1 | AB9: =IF(B9="V",-2,0)+IF(B9="E",-1,0)+IF(B9="O",0,0)+IF(B9="L",1,0)+T9*2 -> 1 | AC9: =(ABS(IF(W9<0,W9*Early,W9*Late))+ABS(IF(X9<0,X9*Early,X9*Late))+ABS(IF(Y9<0,Y9*Early,Y9*Late)))/3 -> 3 | AD9: =(ABS(IF(Z9<0,Z9*Early,Z9*Late))+ABS(IF(AA9<0,AA9*Early,AA9*Late))+ABS(IF(AB9<0,AB9*Early,AB9*Late)))/3 -> 4 | AE9: =S9*Delay+AC9 -> 3 | AF9: =T9*Delay+AD9 -> 4 | AG9: =A9&B9 -> EL | AH9: =AE9+AF9 -> 7
A10: O | B10: V | C10: =(IF($A10="V",1,0))+IF($B10="V",1,0) -> 1 | D10: =(IF($A10="E",1,0))+IF($B10="E",1,0) -> 0 | E10: =(IF($A10="O",1,0))+IF($B10="O",1,0) -> 1 | F10: =(IF($A10="L",1,0))+IF($B10="L",1,0) -> 0 | G10: =(IF(A10="V",1,0)) -> 0 | H10: =(IF(A10="E",1,0)) -> 0 | I10: =(IF(A10="O",1,0)) -> 1 | J10: =(IF(A10="L",1,0)) -> 0 | K10: =(IF(B10="V",1,0)) -> 1 | L10: =(IF(B10="E",1,0)) -> 0 | M10: =(IF(B10="O",1,0)) -> 0 | N10: =(IF(B10="L",1,0)) -> 0 | O10: =MAX(C10-1,0) -> 0 | P10: =MAX(O10-1+D10,0) -> 0 | Q10: =MAX(P10-1+E10,0) -> 0 | R10: =MAX(Q10-1+F10,0) -> 0 | S10: =0.5*($O10*G10+$P10*H10+$Q10*I10+$R10*J10) -> 0 | T10: =0.5*($O10*K10+$P10*L10+$Q10*M10+$R10*N10) -> 0 | U10: =IF(A10="V",-2,0)+IF(A10="E",-1,0)+IF(A10="O",0,0)+IF(A10="L",1,0)+S10 -> 0 | V10: =IF(B10="V",-2,0)+IF(B10="E",-1,0)+IF(B10="O",0,0)+IF(B10="L",1,0)+T10 -> -2 | W10: =IF(A10="V",-2,0)+IF(A10="E",-1,0)+IF(A10="O",0,0)+IF(A10="L",1,0) -> 0 | X10: =IF(A10="V",-2,0)+IF(A10="E",-1,0)+IF(A10="O",0,0)+IF(A10="L",1,0)+S10 -> 0 | Y10: =IF(A10="V",-2,0)+IF(A10="E",-1,0)+IF(A10="O",0,0)+IF(A10="L",1,0)+S10*2 -> 0 | Z10: =IF(B10="V",-2,0)+IF(B10="E",-1,0)+IF(B10="O",0,0)+IF(B10="L",1,0) -> -2 | AA10: =IF(B10="V",-2,0)+IF(B10="E",-1,0)+IF(B10="O",0,0)+IF(B10="L",1,0)+T10 -> -2 | AB10: =IF(B10="V",-2,0)+IF(B10="E",-1,0)+IF(B10="O",0,0)+IF(B10="L",1,0)+T10*2 -> -2 | AC10: =(ABS(IF(W10<0,W10*Early,W10*Late))+ABS(IF(X10<0,X10*Early,X10*Late))+ABS(IF(Y10<0,Y10*Early,Y10*Late)))/3 -> 0 | AD10: =(ABS(IF(Z10<0,Z10*Early,Z10*Late))+ABS(IF(AA10<0,AA10*Early,AA10*Late))+ABS(IF(AB10<0,AB10*Early,AB10*Late)))/3 -> 6 | AE10: =S10*Delay+AC10 -> 0 | AF10: =T10*Delay+AD10 -> 6 | AG10: =A10&B10 -> OV | AH10: =AE10+AF10 -> 6
A11: O | B11: E | C11: =(IF($A11="V",1,0))+IF($B11="V",1,0) -> 0 | D11: =(IF($A11="E",1,0))+IF($B11="E",1,0) -> 1 | E11: =(IF($A11="O",1,0))+IF($B11="O",1,0) -> 1 | F11: =(IF($A11="L",1,0))+IF($B11="L",1,0) -> 0 | G11: =(IF(A11="V",1,0)) -> 0 | H11: =(IF(A11="E",1,0)) -> 0 | I11: =(IF(A11="O",1,0)) -> 1 | J11: =(IF(A11="L",1,0)) -> 0 | K11: =(IF(B11="V",1,0)) -> 0 | L11: =(IF(B11="E",1,0)) -> 1 | M11: =(IF(B11="O",1,0)) -> 0 | N11: =(IF(B11="L",1,0)) -> 0 | O11: =MAX(C11-1,0) -> 0 | P11: =MAX(O11-1+D11,0) -> 0 | Q11: =MAX(P11-1+E11,0) -> 0 | R11: =MAX(Q11-1+F11,0) -> 0 | S11: =0.5*($O11*G11+$P11*H11+$Q11*I11+$R11*J11) -> 0 | T11: =0.5*($O11*K11+$P11*L11+$Q11*M11+$R11*N11) -> 0 | U11: =IF(A11="V",-2,0)+IF(A11="E",-1,0)+IF(A11="O",0,0)+IF(A11="L",1,0)+S11 -> 0 | V11: =IF(B11="V",-2,0)+IF(B11="E",-1,0)+IF(B11="O",0,0)+IF(B11="L",1,0)+T11 -> -1 | W11: =IF(A11="V",-2,0)+IF(A11="E",-1,0)+IF(A11="O",0,0)+IF(A11="L",1,0) -> 0 | X11: =IF(A11="V",-2,0)+IF(A11="E",-1,0)+IF(A11="O",0,0)+IF(A11="L",1,0)+S11 -> 0 | Y11: =IF(A11="V",-2,0)+IF(A11="E",-1,0)+IF(A11="O",0,0)+IF(A11="L",1,0)+S11*2 -> 0 | Z11: =IF(B11="V",-2,0)+IF(B11="E",-1,0)+IF(B11="O",0,0)+IF(B11="L",1,0) -> -1 | AA11: =IF(B11="V",-2,0)+IF(B11="E",-1,0)+IF(B11="O",0,0)+IF(B11="L",1,0)+T11 -> -1 | AB11: =IF(B11="V",-2,0)+IF(B11="E",-1,0)+IF(B11="O",0,0)+IF(B11="L",1,0)+T11*2 -> -1 | AC11: =(ABS(IF(W11<0,W11*Early,W11*Late))+ABS(IF(X11<0,X11*Early,X11*Late))+ABS(IF(Y11<0,Y11*Early,Y11*Late)))/3 -> 0 | AD11: =(ABS(IF(Z11<0,Z11*Early,Z11*Late))+ABS(IF(AA11<0,AA11*Early,AA11*Late))+ABS(IF(AB11<0,AB11*Early,AB11*Late)))/3 -> 3 | AE11: =S11*Delay+AC11 -> 0 | AF11: =T11*Delay+AD11 -> 3 | AG11: =A11&B11 -> OE | AH11: =AE11+AF11 -> 3
A12: O | B12: O | C12: =(IF($A12="V",1,0))+IF($B12="V",1,0) -> 0 | D12: =(IF($A12="E",1,0))+IF($B12="E",1,0) -> 0 | E12: =(IF($A12="O",1,0))+IF($B12="O",1,0) -> 2 | F12: =(IF($A12="L",1,0))+IF($B12="L",1,0) -> 0 | G12: =(IF(A12="V",1,0)) -> 0 | H12: =(IF(A12="E",1,0)) -> 0 | I12: =(IF(A12="O",1,0)) -> 1 | J12: =(IF(A12="L",1,0)) -> 0 | K12: =(IF(B12="V",1,0)) -> 0 | L12: =(IF(B12="E",1,0)) -> 0 | M12: =(IF(B12="O",1,0)) -> 1 | N12: =(IF(B12="L",1,0)) -> 0 | O12: =MAX(C12-1,0) -> 0 | P12: =MAX(O12-1+D12,0) -> 0 | Q12: =MAX(P12-1+E12,0) -> 1 | R12: =MAX(Q12-1+F12,0) -> 0 | S12: =0.5*($O12*G12+$P12*H12+$Q12*I12+$R12*J12) -> 0.5 | T12: =0.5*($O12*K12+$P12*L12+$Q12*M12+$R12*N12) -> 0.5 | U12: =IF(A12="V",-2,0)+IF(A12="E",-1,0)+IF(A12="O",0,0)+IF(A12="L",1,0)+S12 -> 0.5 | V12: =IF(B12="V",-2,0)+IF(B12="E",-1,0)+IF(B12="O",0,0)+IF(B12="L",1,0)+T12 -> 0.5 | W12: =IF(A12="V",-2,0)+IF(A12="E",-1,0)+IF(A12="O",0,0)+IF(A12="L",1,0) -> 0 | X12: =IF(A12="V",-2,0)+IF(A12="E",-1,0)+IF(A12="O",0,0)+IF(A12="L",1,0)+S12 -> 0.5 | Y12: =IF(A12="V",-2,0)+IF(A12="E",-1,0)+IF(A12="O",0,0)+IF(A12="L",1,0)+S12*2 -> 1 | Z12: =IF(B12="V",-2,0)+IF(B12="E",-1,0)+IF(B12="O",0,0)+IF(B12="L",1,0) -> 0 | AA12: =IF(B12="V",-2,0)+IF(B12="E",-1,0)+IF(B12="O",0,0)+IF(B12="L",1,0)+T12 -> 0.5 | AB12: =IF(B12="V",-2,0)+IF(B12="E",-1,0)+IF(B12="O",0,0)+IF(B12="L",1,0)+T12*2 -> 1 | AC12: =(ABS(IF(W12<0,W12*Early,W12*Late))+ABS(IF(X12<0,X12*Early,X12*Late))+ABS(IF(Y12<0,Y12*Early,Y12*Late)))/3 -> 2 | AD12: =(ABS(IF(Z12<0,Z12*Early,Z12*Late))+ABS(IF(AA12<0,AA12*Early,AA12*Late))+ABS(IF(AB12<0,AB12*Early,AB12*Late)))/3 -> 2 | AE12: =S12*Delay+AC12 -> 2.5 | AF12: =T12*Delay+AD12 -> 2.5 | AG12: =A12&B12 -> OO | AH12: =AE12+AF12 -> 5
A13: O | B13: L | C13: =(IF($A13="V",1,0))+IF($B13="V",1,0) -> 0 | D13: =(IF($A13="E",1,0))+IF($B13="E",1,0) -> 0 | E13: =(IF($A13="O",1,0))+IF($B13="O",1,0) -> 1 | F13: =(IF($A13="L",1,0))+IF($B13="L",1,0) -> 1 | G13: =(IF(A13="V",1,0)) -> 0 | H13: =(IF(A13="E",1,0)) -> 0 | I13: =(IF(A13="O",1,0)) -> 1 | J13: =(IF(A13="L",1,0)) -> 0 | K13: =(IF(B13="V",1,0)) -> 0 | L13: =(IF(B13="E",1,0)) -> 0 | M13: =(IF(B13="O",1,0)) -> 0 | N13: =(IF(B13="L",1,0)) -> 1 | O13: =MAX(C13-1,0) -> 0 | P13: =MAX(O13-1+D13,0) -> 0 | Q13: =MAX(P13-1+E13,0) -> 0 | R13: =MAX(Q13-1+F13,0) -> 0 | S13: =0.5*($O13*G13+$P13*H13+$Q13*I13+$R13*J13) -> 0 | T13: =0.5*($O13*K13+$P13*L13+$Q13*M13+$R13*N13) -> 0 | U13: =IF(A13="V",-2,0)+IF(A13="E",-1,0)+IF(A13="O",0,0)+IF(A13="L",1,0)+S13 -> 0 | V13: =IF(B13="V",-2,0)+IF(B13="E",-1,0)+IF(B13="O",0,0)+IF(B13="L",1,0)+T13 -> 1 | W13: =IF(A13="V",-2,0)+IF(A13="E",-1,0)+IF(A13="O",0,0)+IF(A13="L",1,0) -> 0 | X13: =IF(A13="V",-2,0)+IF(A13="E",-1,0)+IF(A13="O",0,0)+IF(A13="L",1,0)+S13 -> 0 | Y13: =IF(A13="V",-2,0)+IF(A13="E",-1,0)+IF(A13="O",0,0)+IF(A13="L",1,0)+S13*2 -> 0 | Z13: =IF(B13="V",-2,0)+IF(B13="E",-1,0)+IF(B13="O",0,0)+IF(B13="L",1,0) -> 1 | AA13: =IF(B13="V",-2,0)+IF(B13="E",-1,0)+IF(B13="O",0,0)+IF(B13="L",1,0)+T13 -> 1 | AB13: =IF(B13="V",-2,0)+IF(B13="E",-1,0)+IF(B13="O",0,0)+IF(B13="L",1,0)+T13*2 -> 1 | AC13: =(ABS(IF(W13<0,W13*Early,W13*Late))+ABS(IF(X13<0,X13*Early,X13*Late))+ABS(IF(Y13<0,Y13*Early,Y13*Late)))/3 -> 0 | AD13: =(ABS(IF(Z13<0,Z13*Early,Z13*Late))+ABS(IF(AA13<0,AA13*Early,AA13*Late))+ABS(IF(AB13<0,AB13*Early,AB13*Late)))/3 -> 4 | AE13: =S13*Delay+AC13 -> 0 | AF13: =T13*Delay+AD13 -> 4 | AG13: =A13&B13 -> OL | AH13: =AE13+AF13 -> 4
... A17: L | B17: L | C17: =(IF($A17="V",1,0))+IF($B17="V",1,0) -> 0 | D17: =(IF($A17="E",1,0))+IF($B17="E",1,0) -> 0 | E17: =(IF($A17="O",1,0))+IF($B17="O",1,0) -> 0 | F17: =(IF($A17="L",1,0))+IF($B17="L",1,0) -> 2 | G17: =(IF(A17="V",1,0)) -> 0 | H17: =(IF(A17="E",1,0)) -> 0 | I17: =(IF(A17="O",1,0)) -> 0 | J17: =(IF(A17="L",1,0)) -> 1 | K17: =(IF(B17="V",1,0)) -> 0 | L17: =(IF(B17="E",1,0)) -> 0 | M17: =(IF(B17="O",1,0)) -> 0 | N17: =(IF(B17="L",1,0)) -> 1 | O17: =MAX(C17-1,0) -> 0 | P17: =MAX(O17-1+D17,0) -> 0 | Q17: =MAX(P17-1+E17,0) -> 0 | R17: =MAX(Q17-1+F17,0) -> 1 | S17: =0.5*($O17*G17+$P17*H17+$Q17*I17+$R17*J17) -> 0.5 | T17: =0.5*($O17*K17+$P17*L17+$Q17*M17+$R17*N17) -> 0.5 | U17: =IF(A17="V",-2,0)+IF(A17="E",-1,0)+IF(A17="O",0,0)+IF(A17="L",1,0)+S17 -> 1.5 | V17: =IF(B17="V",-2,0)+IF(B17="E",-1,0)+IF(B17="O",0,0)+IF(B17="L",1,0)+T17 -> 1.5 | W17: =IF(A17="V",-2,0)+IF(A17="E",-1,0)+IF(A17="O",0,0)+IF(A17="L",1,0) -> 1 | X17: =IF(A17="V",-2,0)+IF(A17="E",-1,0)+IF(A17="O",0,0)+IF(A17="L",1,0)+S17 -> 1.5 | Y17: =IF(A17="V",-2,0)+IF(A17="E",-1,0)+IF(A17="O",0,0)+IF(A17="L",1,0)+S17*2 -> 2 | Z17: =IF(B17="V",-2,0)+IF(B17="E",-1,0)+IF(B17="O",0,0)+IF(B17="L",1,0) -> 1 | AA17: =IF(B17="V",-2,0)+IF(B17="E",-1,0)+IF(B17="O",0,0)+IF(B17="L",1,0)+T17 -> 1.5 | AB17: =IF(B17="V",-2,0)+IF(B17="E",-1,0)+IF(B17="O",0,0)+IF(B17="L",1,0)+T17*2 -> 2 | AC17: =(ABS(IF(W17<0,W17*Early,W17*Late))+ABS(IF(X17<0,X17*Early,X17*Late))+ABS(IF(Y17<0,Y17*Early,Y17*Late)))/3 -> 6 | AD17: =(ABS(IF(Z17<0,Z17*Early,Z17*Late))+ABS(IF(AA17<0,AA17*Early,AA17*Late))+ABS(IF(AB17<0,AB17*Early,AB17*Late)))/3 -> 6 | AE17: =S17*Delay+AC17 -> 6.5 | AF17: =T17*Delay+AD17 -> 6.5 | AG17: =A17&B17 -> LL | AH17: =AE17+AF17 -> 13

Sheet Master
A1: Game ID | B1: Vehicle A | C1: Vehicle B | D1: Vehicle C | E1: V | F1: E | G1: O | H1: L | I1: AV | J1: AE | K1: AO | L1: AL | M1: BV | N1: BE | O1: BO | P1: BL | Q1: CV | R1: CE | S1: CO | T1: CL | U1: QLV | V1: QLE | W1: QLO | X1: QLL | Y1: E(Delay A) | Z1: E(Delay B) | AA1: E(Delay C) | AB1: E(ArrivalTimeA) | AC1: E(ArrivalTimeB) | AD1: E(ArrivalTimeC) | AE1: ArrA1 | AF1: ArrA2 | AG1: ArrA3 | AH1: ArrB1 | AI1: ArrB2 | AJ1: ArrB3 | AK1: ArrC1 | AL1: ArrC2 | AM1: ArrC3 | AN1: E(SD A) | AO1: E(SD B) | AP1: E(SD C) | AQ1: Price A | AR1: Price B | AS1: Price C | AT1: Nash A | AU1: Nash B | AV1: Nash C | AW1: Equilibrium | AX1: ARRIVAL | AY1: TC | AZ1: No(A) | BA1: No(B) | BB1: NO© | BC1: 2-Player(NoA) | BD1: 2-Player(NoB) | BE1: 2-Player(NoC) | BF1: MC(A) | BG1: MC(B) | BH1: MC© | BI1: =AX1 -> ARRIVAL | BJ1: Nash A | BK1: Nash B | BL1: Nash C | BM1: Equilibrium
A2: 1 | B2: V | C2: V | D2: V | E2: =(IF($B2="V",1,0))+IF($C2="V",1,0)+IF($D2="V",1,0) -> 3 | F2: =(IF($B2="E",1,0))+IF($C2="E",1,0)+IF($D2="E",1,0) -> 0 | G2: =(IF($B2="O",1,0))+IF($C2="O",1,0)+IF($D2="O",1,0) -> 0 | H2: =(IF($B2="L",1,0))+IF($C2="L",1,0)+IF($D2="L",1,0) -> 0 | I2: =(IF(B2="V",1,0)) -> 1 | J2: =(IF(B2="E",1,0)) -> 0 | K2: =(IF(B2="O",1,0)) -> 0 | L2: =(IF(B2="L",1,0)) -> 0 | M2: =(IF(C2="V",1,0)) -> 1 | N2: =(IF(C2="E",1,0)) -> 0 | O2: =(IF(C2="O",1,0)) -> 0 | P2: =(IF(C2="L",1,0)) -> 0 | Q2: =(IF(D2="V",1,0)) -> 1 | R2: =(IF(D2="E",1,0)) -> 0 | S2: =(IF(D2="O",1,0)) -> 0 | T2: =(IF(D2="L",1,0)) -> 0 | U2: =MAX(E2-1,0) -> 2 | V2: =MAX(U2-1+F2,0) -> 1 | W2: =MAX(V2-1+G2,0) -> 0 | X2: =MAX(W2-1+H2,0) -> 0 | Y2: =0.5*(E2*I2+F2*J2+G2*K2+H2*L2-1)+(0+$U2*J2+$V2*K2+$W2*L2) -> 1 | Z2: =0.5*(E2*M2+F2*N2+G2*O2+H2*P2-1)+(0+$U2*N2+$V2*O2+$W2*P2) -> 1 | AA2: =0.5*(E2*Q2+F2*R2+G2*S2+H2*T2-1)+(0+$U2*R2+$V2*S2+$W2*T2) -> 1 | AB2: =IF(B2="V",-2,0)+IF(B2="E",-1,0)+IF(B2="O",0,0)+IF(B2="L",1,0)+Y2 -> -1 | AC2: =IF(C2="V",-2,0)+IF(C2="E",-1,0)+IF(C2="O",0,0)+IF(C2="L",1,0)+Z2 -> -1 | AD2: =IF(D2="V",-2,0)+IF(D2="E",-1,0)+IF(D2="O",0,0)+IF(D2="L",1,0)+AA2 -> -1 | AE2: =IF(B2="V",-2,0)+IF(B2="E",-1,0)+IF(B2="O",0,0)+IF(B2="L",1,0) -> -2 | AF2: =IF(B2="V",-2,0)+IF(B2="E",-1,0)+IF(B2="O",0,0)+IF(B2="L",1,0)+Y2 -> -1 | AG2: =IF(B2="V",-2,0)+IF(B2="E",-1,0)+IF(B2="O",0,0)+IF(B2="L",1,0)+Y2*2 -> 0 | AH2: =IF(C2="V",-2,0)+IF(C2="E",-1,0)+IF(C2="O",0,0)+IF(C2="L",1,0) -> -2 | AI2: =IF(C2="V",-2,0)+IF(C2="E",-1,0)+IF(C2="O",0,0)+IF(C2="L",1,0)+Z2 -> -1 | AJ2: =IF(C2="V",-2,0)+IF(C2="E",-1,0)+IF(C2="O",0,0)+IF(C2="L",1,0)+Z2*2 -> 0 | AK2: =IF(D2="V",-2,0)+IF(D2="E",-1,0)+IF(D2="O",0,0)+IF(D2="L",1,0) -> -2 | AL2: =IF(D2="V",-2,0)+IF(D2="E",-1,0)+IF(D2="O",0,0)+IF(D2="L",1,0)+AA2 -> -1 | AM2: =IF(D2="V",-2,0)+IF(D2="E",-1,0)+IF(D2="O",0,0)+IF(D2="L",1,0)+AA2*2 -> 0 | AN2: =(ABS(IF(AE2<0,AE2*Early,AE2*Late))+ABS(IF(AF2<0,AF2*Early,AF2*Late))+ABS(IF(AG2<0,AG2*Early,AG2*Late)))/3 -> 3 | AO2: =(ABS(IF(AH2<0,AH2*Early,AH2*Late))+ABS(IF(AI2<0,AI2*Early,AI2*Late))+ABS(IF(AJ2<0,AJ2*Early,AJ2*Late)))/3 -> 3 | AP2: =(ABS(IF(AK2<0,AK2*Early,AK2*Late))+ABS(IF(AL2<0,AL2*Early,AL2*Late))+ABS(IF(AM2<0,AM2*Early,AM2*Late)))/3 -> 3 | AQ2: =Y2*Delay+AN2 -> 4 | AR2: =Z2*Delay+AO2 -> 4 | AS2: =AA2*Delay+AP2 -> 4 | AT2: =VLOOKUP(A2,SortA!$A$1:$AT$65,46,FALSE()) -> 0 | AU2: =VLOOKUP(A2,SortB!$A$1:$AT$65,46,FALSE()) -> 0 | AV2: =VLOOKUP(A2,SortC!$A$1:$AT$65,46,FALSE()) -> 0 | AW2: =IF(SUM(AT2:AV2)=3,1,0) -> 0 | AX2: =B2&C2&D2 -> VVV | AY2: =AQ2+AR2+AS2 -> 12 | AZ2: =RIGHT(AX2,2) -> VV | BA2: =LEFT(AX2,1)&RIGHT(AX2,1) -> VV | BB2: =LEFT(AX2,2) -> VV | BC2: =VLOOKUP(AZ2,TwoPlayers!$AG$1:$AH$17,2,FALSE()) -> 10 | BD2: =VLOOKUP(BA2,TwoPlayers!$AG$1:$AH$17,2,FALSE()) -> 10 | BE2: =VLOOKUP(BB2,TwoPlayers!$AG$1:$AH$17,2,FALSE()) -> 10 | BF2: =$AY2-BC2 -> 2 | BG2: =$AY2-BD2 -> 2 | BH2: =$AY2-BE2 -> 2 | BI2: =AX2 -> VVV | BJ2: =VLOOKUP(A2,SortA!$A$1:$BM$65,65,FALSE()) -> 0 | BK2: =VLOOKUP(A2,SortB!$A$1:$BM$65,65,FALSE()) -> 0 | BL2: =VLOOKUP(A2,SortC!$A$1:$BM$65,65,FALSE()) -> 0 | BM2: =IF(SUM(BJ2:BL2)=3,1,0) -> 0
A3: =A2+1 -> 2 | B3: V | C3: V | D3: E | E3: =(IF($B3="V",1,0))+IF($C3="V",1,0)+IF($D3="V",1,0) -> 2 | F3: =(IF($B3="E",1,0))+IF($C3="E",1,0)+IF($D3="E",1,0) -> 1 | G3: =(IF($B3="O",1,0))+IF($C3="O",1,0)+IF($D3="O",1,0) -> 0 | H3: =(IF($B3="L",1,0))+IF($C3="L",1,0)+IF($D3="L",1,0) -> 0 | I3: =(IF(B3="V",1,0)) -> 1 | J3: =(IF(B3="E",1,0)) -> 0 | K3: =(IF(B3="O",1,0)) -> 0 | L3: =(IF(B3="L",1,0)) -> 0 | M3: =(IF(C3="V",1,0)) -> 1 | N3: =(IF(C3="E",1,0)) -> 0 | O3: =(IF(C3="O",1,0)) -> 0 | P3: =(IF(C3="L",1,0)) -> 0 | Q3: =(IF(D3="V",1,0)) -> 0 | R3: =(IF(D3="E",1,0)) -> 1 | S3: =(IF(D3="O",1,0)) -> 0 | T3: =(IF(D3="L",1,0)) -> 0 | U3: =MAX(E3-1,0) -> 1 | V3: =MAX(U3-1+F3,0) -> 1 | W3: =MAX(V3-1+G3,0) -> 0 | X3: =MAX(W3-1+H3,0) -> 0 | Y3: =0.5*(E3*I3+F3*J3+G3*K3+H3*L3-1)+(0+$U3*J3+$V3*K3+$W3*L3) -> 0.5 | Z3: =0.5*(E3*M3+F3*N3+G3*O3+H3*P3-1)+(0+$U3*N3+$V3*O3+$W3*P3) -> 0.5 | AA3: =0.5*(E3*Q3+F3*R3+G3*S3+H3*T3-1)+(0+$U3*R3+$V3*S3+$W3*T3) -> 1 | AB3: =IF(B3="V",-2,0)+IF(B3="E",-1,0)+IF(B3="O",0,0)+IF(B3="L",1,0)+Y3 -> -1.5 | AC3: =IF(C3="V",-2,0)+IF(C3="E",-1,0)+IF(C3="O",0,0)+IF(C3="L",1,0)+Z3 -> -1.5 | AD3: =IF(D3="V",-2,0)+IF(D3="E",-1,0)+IF(D3="O",0,0)+IF(D3="L",1,0)+AA3 -> 0 | AE3: =IF(B3="V",-2,0)+IF(B3="E",-1,0)+IF(B3="O",0,0)+IF(B3="L",1,0) -> -2 | AF3: =IF(B3="V",-2,0)+IF(B3="E",-1,0)+IF(B3="O",0,0)+IF(B3="L",1,0)+Y3 -> -1.5 | AG3: =IF(B3="V",-2,0)+IF(B3="E",-1,0)+IF(B3="O",0,0)+IF(B3="L",1,0)+Y3*2 -> -1 | AH3: =IF(C3="V",-2,0)+IF(C3="E",-1,0)+IF(C3="O",0,0)+IF(C3="L",1,0) -> -2 | AI3: =IF(C3="V",-2,0)+IF(C3="E",-1,0)+IF(C3="O",0,0)+IF(C3="L",1,0)+Z3 -> -1.5 | AJ3: =IF(C3="V",-2,0)+IF(C3="E",-1,0)+IF(C3="O",0,0)+IF(C3="L",1,0)+Z3*2 -> -1 | AK3: =IF(D3="V",-2,0)+IF(D3="E",-1,0)+IF(D3="O",0,0)+IF(D3="L",1,0) -> -1 | AL3: =IF(D3="V",-2,0)+IF(D3="E",-1,0)+IF(D3="O",0,0)+IF(D3="L",1,0)+AA3 -> 0 | AM3: =IF(D3="V",-2,0)+IF(D3="E",-1,0)+IF(D3="O",0,0)+IF(D3="L",1,0)+AA3*2 -> 1 | AN3: =(ABS(IF(AE3<0,AE3*Early,AE3*Late))+ABS(IF(AF3<0,AF3*Early,AF3*Late))+ABS(IF(AG3<0,AG3*Early,AG3*Late)))/3 -> 4.5 | AO3: =(ABS(IF(AH3<0,AH3*Early,AH3*Late))+ABS(IF(AI3<0,AI3*Early,AI3*Late))+ABS(IF(AJ3<0,AJ3*Early,AJ3*Late)))/3 -> 4.5 | AP3: =(ABS(IF(AK3<0,AK3*Early,AK3*Late))+ABS(IF(AL3<0,AL3*Early,AL3*Late))+ABS(IF(AM3<0,AM3*Early,AM3*Late)))/3 -> 2.3333333 | AQ3: =Y3*Delay+AN3 -> 5 | AR3: =Z3*Delay+AO3 -> 5 | AS3: =AA3*Delay+AP3 -> 3.3333333 | AT3: =VLOOKUP(A3,SortA!$A$1:$AT$65,46,FALSE()) -> 0 | AU3: =VLOOKUP(A3,SortB!$A$1:$AT$65,46,FALSE()) -> 0 | AV3: =VLOOKUP(A3,SortC!$A$1:$AT$65,46,FALSE()) -> 0 | AW3: =IF(SUM(AT3:AV3)=3,1,0) -> 0 | AX3: =B3&C3&D3 -> VVE | AY3: =AQ3+AR3+AS3 -> 13.333333 | AZ3: =RIGHT(AX3,2) -> VE | BA3: =LEFT(AX3,1)&RIGHT(AX3,1) -> VE | BB3: =LEFT(AX3,2) -> VV | BC3: =VLOOKUP(AZ3,TwoPlayers!$AG$1:$AH$17,2,FALSE()) -> 9 | BD3: =VLOOKUP(BA3,TwoPlayers!$AG$1:$AH$17,2,FALSE()) -> 9 | BE3: =VLOOKUP(BB3,TwoPlayers!$AG$1:$AH$17,2,FALSE()) -> 10 | BF3: =$AY3-BC3 -> 4.3333333 | BG3: =$AY3-BD3 -> 4.3333333 | BH3: =$AY3-BE3 -> 3.3333333 | BI3: =AX3 -> VVE | BJ3: =VLOOKUP(A3,SortA!$A$1:$BM$65,65,FALSE()) -> 0 | BK3: =VLOOKUP(A3,SortB!$A$1:$BM$65,65,FALSE()) -> 0 | BL3: =VLOOKUP(A3,SortC!$A$1:$BM$65,65,FALSE()) -> 0 | BM3: =IF(SUM(BJ3:BL3)=3,1,0) -> 0
A4: =A3+1 -> 3 | B4: V | C4: V | D4: O | E4: =(IF($B4="V",1,0))+IF($C4="V",1,0)+IF($D4="V",1,0) -> 2 | F4: =(IF($B4="E",1,0))+IF($C4="E",1,0)+IF($D4="E",1,0) -> 0 | G4: =(IF($B4="O",1,0))+IF($C4="O",1,0)+IF($D4="O",1,0) -> 1 | H4: =(IF($B4="L",1,0))+IF($C4="L",1,0)+IF($D4="L",1,0) -> 0 | I4: =(IF(B4="V",1,0)) -> 1 | J4: =(IF(B4="E",1,0)) -> 0 | K4: =(IF(B4="O",1,0)) -> 0 | L4: =(IF(B4="L",1,0)) -> 0 | M4: =(IF(C4="V",1,0)) -> 1 | N4: =(IF(C4="E",1,0)) -> 0 | O4: =(IF(C4="O",1,0)) -> 0 | P4: =(IF(C4="L",1,0)) -> 0 | Q4: =(IF(D4="V",1,0)) -> 0 | R4: =(IF(D4="E",1,0)) -> 0 | S4: =(IF(D4="O",1,0)) -> 1 | T4: =(IF(D4="L",1,0)) -> 0 | U4: =MAX(E4-1,0) -> 1 | V4: =MAX(U4-1+F4,0) -> 0 | W4: =MAX(V4-1+G4,0) -> 0 | X4: =MAX(W4-1+H4,0) -> 0 | Y4: =0.5*(E4*I4+F4*J4+G4*K4+H4*L4-1)+(0+$U4*J4+$V4*K4+$W4*L4) -> 0.5 | Z4: =0.5*(E4*M4+F4*N4+G4*O4+H4*P4-1)+(0+$U4*N4+$V4*O4+$W4*P4) -> 0.5 | AA4: =0.5*(E4*Q4+F4*R4+G4*S4+H4*T4-1)+(0+$U4*R4+$V4*S4+$W4*T4) -> 0 | AB4: =IF(B4="V",-2,0)+IF(B4="E",-1,0)+IF(B4="O",0,0)+IF(B4="L",1,0)+Y4 -> -1.5 | AC4: =IF(C4="V",-2,0)+IF(C4="E",-1,0)+IF(C4="O",0,0)+IF(C4="L",1,0)+Z4 -> -1.5 | AD4: =IF(D4="V",-2,0)+IF(D4="E",-1,0)+IF(D4="O",0,0)+IF(D4="L",1,0)+AA4 -> 0 | AE4: =IF(B4="V",-2,0)+IF(B4="E",-1,0)+IF(B4="O",0,0)+IF(B4="L",1,0) -> -2 | AF4: =IF(B4="V",-2,0)+IF(B4="E",-1,0)+IF(B4="O",0,0)+IF(B4="L",1,0)+Y4 -> -1.5 | AG4: =IF(B4="V",-2,0)+IF(B4="E",-1,0)+IF(B4="O",0,0)+IF(B4="L",1,0)+Y4*2 -> -1 | AH4: =IF(C4="V",-2,0)+IF(C4="E",-1,0)+IF(C4="O",0,0)+IF(C4="L",1,0) -> -2 | AI4: =IF(C4="V",-2,0)+IF(C4="E",-1,0)+IF(C4="O",0,0)+IF(C4="L",1,0)+Z4 -> -1.5 | AJ4: =IF(C4="V",-2,0)+IF(C4="E",-1,0)+IF(C4="O",0,0)+IF(C4="L",1,0)+Z4*2 -> -1 | AK4: =IF(D4="V",-2,0)+IF(D4="E",-1,0)+IF(D4="O",0,0)+IF(D4="L",1,0) -> 0 | AL4: =IF(D4="V",-2,0)+IF(D4="E",-1,0)+IF(D4="O",0,0)+IF(D4="L",1,0)+AA4 -> 0 | AM4: =IF(D4="V",-2,0)+IF(D4="E",-1,0)+IF(D4="O",0,0)+IF(D4="L",1,0)+AA4*2 -> 0 | AN4: =(ABS(IF(AE4<0,AE4*Early,AE4*Late))+ABS(IF(AF4<0,AF4*Early,AF4*Late))+ABS(IF(AG4<0,AG4*Early,AG4*Late)))/3 -> 4.5 | AO4: =(ABS(IF(AH4<0,AH4*Early,AH4*Late))+ABS(IF(AI4<0,AI4*Early,AI4*Late))+ABS(IF(AJ4<0,AJ4*Early,AJ4*Late)))/3 -> 4.5 | AP4: =(ABS(IF(AK4<0,AK4*Early,AK4*Late))+ABS(IF(AL4<0,AL4*Early,AL4*Late))+ABS(IF(AM4<0,AM4*Early,AM4*Late)))/3 -> 0 | AQ4: =Y4*Delay+AN4 -> 5 | AR4: =Z4*Delay+AO4 -> 5 | AS4: =AA4*Delay+AP4 -> 0 | AT4: =VLOOKUP(A4,SortA!$A$1:$AT$65,46,FALSE()) -> 0 | AU4: =VLOOKUP(A4,SortB!$A$1:$AT$65,46,FALSE()) -> 0 | AV4: =VLOOKUP(A4,SortC!$A$1:$AT$65,46,FALSE()) -> 1 | AW4: =IF(SUM(AT4:AV4)=3,1,0) -> 0 | AX4: =B4&C4&D4 -> VVO | AY4: =AQ4+AR4+AS4 -> 10 | AZ4: =RIGHT(AX4,2) -> VO | BA4: =LEFT(AX4,1)&RIGHT(AX4,1) -> VO | BB4: =LEFT(AX4,2) -> VV | BC4: =VLOOKUP(AZ4,TwoPlayers!$AG$1:$AH$17,2,FALSE()) -> 6 | BD4: =VLOOKUP(BA4,TwoPlayers!$AG$1:$AH$17,2,FALSE()) -> 6 | BE4: =VLOOKUP(BB4,TwoPlayers!$AG$1:$AH$17,2,FALSE()) -> 10 | BF4: =$AY4-BC4 -> 4 | BG4: =$AY4-BD4 -> 4 | BH4: =$AY4-BE4 -> 0 | BI4: =AX4 -> VVO | BJ4: =VLOOKUP(A4,SortA!$A$1:$BM$65,65,FALSE()) -> 0 | BK4: =VLOOKUP(A4,SortB!$A$1:$BM$65,65,FALSE()) -> 0 | BL4: =VLOOKUP(A4,SortC!$A$1:$BM$65,65,FALSE()) -> 1 | BM4: =IF(SUM(BJ4:BL4)=3,1,0) -> 0
A5: =A4+1 -> 4 | B5: V | C5: V | D5: L | E5: =(IF($B5="V",1,0))+IF($C5="V",1,0)+IF($D5="V",1,0) -> 2 | F5: =(IF($B5="E",1,0))+IF($C5="E",1,0)+IF($D5="E",1,0) -> 0 | G5: =(IF($B5="O",1,0))+IF($C5="O",1,0)+IF($D5="O",1,0) -> 0 | H5: =(IF($B5="L",1,0))+IF($C5="L",1,0)+IF($D5="L",1,0) -> 1 | I5: =(IF(B5="V",1,0)) -> 1 | J5: =(IF(B5="E",1,0)) -> 0 | K5: =(IF(B5="O",1,0)) -> 0 | L5: =(IF(B5="L",1,0)) -> 0 | M5: =(IF(C5="V",1,0)) -> 1 | N5: =(IF(C5="E",1,0)) -> 0 | O5: =(IF(C5="O",1,0)) -> 0 | P5: =(IF(C5="L",1,0)) -> 0 | Q5: =(IF(D5="V",1,0)) -> 0 | R5: =(IF(D5="E",1,0)) -> 0 | S5: =(IF(D5="O",1,0)) -> 0 | T5: =(IF(D5="L",1,0)) -> 1 | U5: =MAX(E5-1,0) -> 1 | V5: =MAX(U5-1+F5,0) -> 0 | W5: =MAX(V5-1+G5,0) -> 0 | X5: =MAX(W5-1+H5,0) -> 0 | Y5: =0.5*(E5*I5+F5*J5+G5*K5+H5*L5-1)+(0+$U5*J5+$V5*K5+$W5*L5) -> 0.5 | Z5: =0.5*(E5*M5+F5*N5+G5*O5+H5*P5-1)+(0+$U5*N5+$V5*O5+$W5*P5) -> 0.5 | AA5: =0.5*(E5*Q5+F5*R5+G5*S5+H5*T5-1)+(0+$U5*R5+$V5*S5+$W5*T5) -> 0 | AB5: =IF(B5="V",-2,0)+IF(B5="E",-1,0)+IF(B5="O",0,0)+IF(B5="L",1,0)+Y5 -> -1.5 | AC5: =IF(C5="V",-2,0)+IF(C5="E",-1,0)+IF(C5="O",0,0)+IF(C5="L",1,0)+Z5 -> -1.5 | AD5: =IF(D5="V",-2,0)+IF(D5="E",-1,0)+IF(D5="O",0,0)+IF(D5="L",1,0)+AA5 -> 1 | AE5: =IF(B5="V",-2,0)+IF(B5="E",-1,0)+IF(B5="O",0,0)+IF(B5="L",1,0) -> -2 | AF5: =IF(B5="V",-2,0)+IF(B5="E",-1,0)+IF(B5="O",0,0)+IF(B5="L",1,0)+Y5 -> -1.5 | AG5: =IF(B5="V",-2,0)+IF(B5="E",-1,0)+IF(B5="O",0,0)+IF(B5="L",1,0)+Y5*2 -> -1 | AH5: =IF(C5="V",-2,0)+IF(C5="E",-1,0)+IF(C5="O",0,0)+IF(C5="L",1,0) -> -2 | AI5: =IF(C5="V",-2,0)+IF(C5="E",-1,0)+IF(C5="O",0,0)+IF(C5="L",1,0)+Z5 -> -1.5 | AJ5: =IF(C5="V",-2,0)+IF(C5="E",-1,0)+IF(C5="O",0,0)+IF(C5="L",1,0)+Z5*2 -> -1 | AK5: =IF(D5="V",-2,0)+IF(D5="E",-1,0)+IF(D5="O",0,0)+IF(D5="L",1,0) -> 1 | AL5: =IF(D5="V",-2,0)+IF(D5="E",-1,0)+IF(D5="O",0,0)+IF(D5="L",1,0)+AA5 -> 1 | AM5: =IF(D5="V",-2,0)+IF(D5="E",-1,0)+IF(D5="O",0,0)+IF(D5="L",1,0)+AA5*2 -> 1 | AN5: =(ABS(IF(AE5<0,AE5*Early,AE5*Late))+ABS(IF(AF5<0,AF5*Early,AF5*Late))+ABS(IF(AG5<0,AG5*Early,AG5*Late)))/3 -> 4.5 | AO5: =(ABS(IF(AH5<0,AH5*Early,AH5*Late))+ABS(IF(AI5<0,AI5*Early,AI5*Late))+ABS(IF(AJ5<0,AJ5*Early,AJ5*Late)))/3 -> 4.5 | AP5: =(ABS(IF(AK5<0,AK5*Early,AK5*Late))+ABS(IF(AL5<0,AL5*Early,AL5*Late))+ABS(IF(AM5<0,AM5*Early,AM5*Late)))/3 -> 4 | AQ5: =Y5*Delay+AN5 -> 5 | AR5: =Z5*Delay+AO5 -> 5 | AS5: =AA5*Delay+AP5 -> 4 | AT5: =VLOOKUP(A5,SortA!$A$1:$AT$65,46,FALSE()) -> 0 | AU5: =VLOOKUP(A5,SortB!$A$1:$AT$65,46,FALSE()) -> 0 | AV5: =VLOOKUP(A5,SortC!$A$1:$AT$65,46,FALSE()) -> 0 | AW5: =IF(SUM(AT5:AV5)=3,1,0) -> 0 | AX5: =B5&C5&D5 -> VVL | AY5: =AQ5+AR5+AS5 -> 14 | AZ5: =RIGHT(AX5,2) -> VL | BA5: =LEFT(AX5,1)&RIGHT(AX5,1) -> VL | BB5: =LEFT(AX5,2) -> VV | BC5: =VLOOKUP(AZ5,TwoPlayers!$AG$1:$AH$17,2,FALSE()) -> 10 | BD5: =VLOOKUP(BA5,TwoPlayers!$AG$1:$AH$17,2,FALSE()) -> 10 | BE5: =VLOOKUP(BB5,TwoPlayers!$AG$1:$AH$17,2,FALSE()) -> 10 | BF5: =$AY5-BC5 -> 4 | BG5: =$AY5-BD5 -> 4 | BH5: =$AY5-BE5 -> 4 | BI5: =AX5 -> VVL | BJ5: =VLOOKUP(A5,SortA!$A$1:$BM$65,65,FALSE()) -> 0 | BK5: =VLOOKUP(A5,SortB!$A$1:$BM$65,65,FALSE()) -> 0 | BL5: =VLOOKUP(A5,SortC!$A$1:$BM$65,65,FALSE()) -> 0 | BM5: =IF(SUM(BJ5:BL5)=3,1,0) -> 0
A6: =A5+1 -> 5 | B6: V | C6: E | D6: V | E6: =(IF($B6="V",1,0))+IF($C6="V",1,0)+IF($D6="V",1,0) -> 2 | F6: =(IF($B6="E",1,0))+IF($C6="E",1,0)+IF($D6="E",1,0) -> 1 | G6: =(IF($B6="O",1,0))+IF($C6="O",1,0)+IF($D6="O",1,0) -> 0 | H6: =(IF($B6="L",1,0))+IF($C6="L",1,0)+IF($D6="L",1,0) -> 0 | I6: =(IF(B6="V",1,0)) -> 1 | J6: =(IF(B6="E",1,0)) -> 0 | K6: =(IF(B6="O",1,0)) -> 0 | L6: =(IF(B6="L",1,0)) -> 0 | M6: =(IF(C6="V",1,0)) -> 0 | N6: =(IF(C6="E",1,0)) -> 1 | O6: =(IF(C6="O",1,0)) -> 0 | P6: =(IF(C6="L",1,0)) -> 0 | Q6: =(IF(D6="V",1,0)) -> 1 | R6: =(IF(D6="E",1,0)) -> 0 | S6: =(IF(D6="O",1,0)) -> 0 | T6: =(IF(D6="L",1,0)) -> 0 | U6: =MAX(E6-1,0) -> 1 | V6: =MAX(U6-1+F6,0) -> 1 | W6: =MAX(V6-1+G6,0) -> 0 | X6: =MAX(W6-1+H6,0) -> 0 | Y6: =0.5*(E6*I6+F6*J6+G6*K6+H6*L6-1)+(0+$U6*J6+$V6*K6+$W6*L6) -> 0.5 | Z6: =0.5*(E6*M6+F6*N6+G6*O6+H6*P6-1)+(0+$U6*N6+$V6*O6+$W6*P6) -> 1 | AA6: =0.5*(E6*Q6+F6*R6+G6*S6+H6*T6-1)+(0+$U6*R6+$V6*S6+$W6*T6) -> 0.5 | AB6: =IF(B6="V",-2,0)+IF(B6="E",-1,0)+IF(B6="O",0,0)+IF(B6="L",1,0)+Y6 -> -1.5 | AC6: =IF(C6="V",-2,0)+IF(C6="E",-1,0)+IF(C6="O",0,0)+IF(C6="L",1,0)+Z6 -> 0 | AD6: =IF(D6="V",-2,0)+IF(D6="E",-1,0)+IF(D6="O",0,0)+IF(D6="L",1,0)+AA6 -> -1.5 | AE6: =IF(B6="V",-2,0)+IF(B6="E",-1,0)+IF(B6="O",0,0)+IF(B6="L",1,0) -> -2 | AF6: =IF(B6="V",-2,0)+IF(B6="E",-1,0)+IF(B6="O",0,0)+IF(B6="L",1,0)+Y6 -> -1.5 | AG6: =IF(B6="V",-2,0)+IF(B6="E",-1,0)+IF(B6="O",0,0)+IF(B6="L",1,0)+Y6*2 -> -1 | AH6: =IF(C6="V",-2,0)+IF(C6="E",-1,0)+IF(C6="O",0,0)+IF(C6="L",1,0) -> -1 | AI6: =IF(C6="V",-2,0)+IF(C6="E",-1,0)+IF(C6="O",0,0)+IF(C6="L",1,0)+Z6 -> 0 | AJ6: =IF(C6="V",-2,0)+IF(C6="E",-1,0)+IF(C6="O",0,0)+IF(C6="L",1,0)+Z6*2 -> 1 | AK6: =IF(D6="V",-2,0)+IF(D6="E",-1,0)+IF(D6="O",0,0)+IF(D6="L",1,0) -> -2 | AL6: =IF(D6="V",-2,0)+IF(D6="E",-1,0)+IF(D6="O",0,0)+IF(D6="L",1,0)+AA6 -> -1.5 | AM6: =IF(D6="V",-2,0)+IF(D6="E",-1,0)+IF(D6="O",0,0)+IF(D6="L",1,0)+AA6*2 -> -1 | AN6: =(ABS(IF(AE6<0,AE6*Early,AE6*Late))+ABS(IF(AF6<0,AF6*Early,AF6*Late))+ABS(IF(AG6<0,AG6*Early,AG6*Late)))/3 -> 4.5 | AO6: =(ABS(IF(AH6<0,AH6*Early,AH6*Late))+ABS(IF(AI6<0,AI6*Early,AI6*Late))+ABS(IF(AJ6<0,AJ6*Early,AJ6*Late)))/3 -> 2.3333333 | AP6: =(ABS(IF(AK6<0,AK6*Early,AK6*Late))+ABS(IF(AL6<0,AL6*Early,AL6*Late))+ABS(IF(AM6<0,AM6*Early,AM6*Late)))/3 -> 4.5 | AQ6: =Y6*Delay+AN6 -> 5 | AR6: =Z6*Delay+AO6 -> 3.3333333 | AS6: =AA6*Delay+AP6 -> 5 | AT6: =VLOOKUP(A6,SortA!$A$1:$AT$65,46,FALSE()) -> 0 | AU6: =VLOOKUP(A6,SortB!$A$1:$AT$65,46,FALSE()) -> 0 | AV6: =VLOOKUP(A6,SortC!$A$1:$AT$65,46,FALSE()) -> 0 | AW6: =IF(SUM(AT6:AV6)=3,1,0) -> 0 | AX6: =B6&C6&D6 -> VEV | AY6: =AQ6+AR6+AS6 -> 13.333333 | AZ6: =RIGHT(AX6,2) -> EV | BA6: =LEFT(AX6,1)&RIGHT(AX6,1) -> VV | BB6: =LEFT(AX6,2) -> VE | BC6: =VLOOKUP(AZ6,TwoPlayers!$AG$1:$AH$17,2,FALSE()) -> 9 | BD6: =VLOOKUP(BA6,TwoPlayers!$AG$1:$AH$17,2,FALSE()) -> 10 | BE6: =VLOOKUP(BB6,TwoPlayers!$AG$1:$AH$17,2,FALSE()) -> 9 | BF6: =$AY6-BC6 -> 4.3333333 | BG6: =$AY6-BD6 -> 3.3333333 | BH6: =$AY6-BE6 -> 4.3333333 | BI6: =AX6 -> VEV | BJ6: =VLOOKUP(A6,SortA!$A$1:$BM$65,65,FALSE()) -> 0 | BK6: =VLOOKUP(A6,SortB!$A$1:$BM$65,65,FALSE()) -> 0 | BL6: =VLOOKUP(A6,SortC!$A$1:$BM$65,65,FALSE()) -> 0 | BM6: =IF(SUM(BJ6:BL6)=3,1,0) -> 0
A7: =A6+1 -> 6 | B7: V | C7: E | D7: E | E7: =(IF($B7="V",1,0))+IF($C7="V",1,0)+IF($D7="V",1,0) -> 1 | F7: =(IF($B7="E",1,0))+IF($C7="E",1,0)+IF($D7="E",1,0) -> 2 | G7: =(IF($B7="O",1,0))+IF($C7="O",1,0)+IF($D7="O",1,0) -> 0 | H7: =(IF($B7="L",1,0))+IF($C7="L",1,0)+IF($D7="L",1,0) -> 0 | I7: =(IF(B7="V",1,0)) -> 1 | J7: =(IF(B7="E",1,0)) -> 0 | K7: =(IF(B7="O",1,0)) -> 0 | L7: =(IF(B7="L",1,0)) -> 0 | M7: =(IF(C7="V",1,0)) -> 0 | N7: =(IF(C7="E",1,0)) -> 1 | O7: =(IF(C7="O",1,0)) -> 0 | P7: =(IF(C7="L",1,0)) -> 0 | Q7: =(IF(D7="V",1,0)) -> 0 | R7: =(IF(D7="E",1,0)) -> 1 | S7: =(IF(D7="O",1,0)) -> 0 | T7: =(IF(D7="L",1,0)) -> 0 | U7: =MAX(E7-1,0) -> 0 | V7: =MAX(U7-1+F7,0) -> 1 | W7: =MAX(V7-1+G7,0) -> 0 | X7: =MAX(W7-1+H7,0) -> 0 | Y7: =0.5*(E7*I7+F7*J7+G7*K7+H7*L7-1)+(0+$U7*J7+$V7*K7+$W7*L7) -> 0 | Z7: =0.5*(E7*M7+F7*N7+G7*O7+H7*P7-1)+(0+$U7*N7+$V7*O7+$W7*P7) -> 0.5 | AA7: =0.5*(E7*Q7+F7*R7+G7*S7+H7*T7-1)+(0+$U7*R7+$V7*S7+$W7*T7) -> 0.5 | AB7: =IF(B7="V",-2,0)+IF(B7="E",-1,0)+IF(B7="O",0,0)+IF(B7="L",1,0)+Y7 -> -2 | AC7: =IF(C7="V",-2,0)+IF(C7="E",-1,0)+IF(C7="O",0,0)+IF(C7="L",1,0)+Z7 -> -0.5 | AD7: =IF(D7="V",-2,0)+IF(D7="E",-1,0)+IF(D7="O",0,0)+IF(D7="L",1,0)+AA7 -> -0.5 | AE7: =IF(B7="V",-2,0)+IF(B7="E",-1,0)+IF(B7="O",0,0)+IF(B7="L",1,0) -> -2 | AF7: =IF(B7="V",-2,0)+IF(B7="E",-1,0)+IF(B7="O",0,0)+IF(B7="L",1,0)+Y7 -> -2 | AG7: =IF(B7="V",-2,0)+IF(B7="E",-1,0)+IF(B7="O",0,0)+IF(B7="L",1,0)+Y7*2 -> -2 | AH7: =IF(C7="V",-2,0)+IF(C7="E",-1,0)+IF(C7="O",0,0)+IF(C7="L",1,0) -> -1 | AI7: =IF(C7="V",-2,0)+IF(C7="E",-1,0)+IF(C7="O",0,0)+IF(C7="L",1,0)+Z7 -> -0.5 | AJ7: =IF(C7="V",-2,0)+IF(C7="E",-1,0)+IF(C7="O",0,0)+IF(C7="L",1,0)+Z7*2 -> 0 | AK7: =IF(D7="V",-2,0)+IF(D7="E",-1,0)+IF(D7="O",0,0)+IF(D7="L",1,0) -> -1 | AL7: =IF(D7="V",-2,0)+IF(D7="E",-1,0)+IF(D7="O",0,0)+IF(D7="L",1,0)+AA7 -> -0.5 | AM7: =IF(D7="V",-2,0)+IF(D7="E",-1,0)+IF(D7="O",0,0)+IF(D7="L",1,0)+AA7*2 -> 0 | AN7: =(ABS(IF(AE7<0,AE7*Early,AE7*Late))+ABS(IF(AF7<0,AF7*Early,AF7*Late))+ABS(IF(AG7<0,AG7*Early,AG7*Late)))/3 -> 6 | AO7: =(ABS(IF(AH7<0,AH7*Early,AH7*Late))+ABS(IF(AI7<0,AI7*Early,AI7*Late))+ABS(IF(AJ7<0,AJ7*Early,AJ7*Late)))/3 -> 1.5 | AP7: =(ABS(IF(AK7<0,AK7*Early,AK7*Late))+ABS(IF(AL7<0,AL7*Early,AL7*Late))+ABS(IF(AM7<0,AM7*Early,AM7*Late)))/3 -> 1.5 | AQ7: =Y7*Delay+AN7 -> 6 | AR7: =Z7*Delay+AO7 -> 2 | AS7: =AA7*Delay+AP7 -> 2 | AT7: =VLOOKUP(A7,SortA!$A$1:$AT$65,46,FALSE()) -> 0 | AU7: =VLOOKUP(A7,SortB!$A$1:$AT$65,46,FALSE()) -> 0 | AV7: =VLOOKUP(A7,SortC!$A$1:$AT$65,46,FALSE()) -> 0 | AW7: =IF(SUM(AT7:AV7)=3,1,0) -> 0 | AX7: =B7&C7&D7 -> VEE | AY7: =AQ7+AR7+AS7 -> 10 | AZ7: =RIGHT(AX7,2) -> EE | BA7: =LEFT(AX7,1)&RIGHT(AX7,1) -> VE | BB7: =LEFT(AX7,2) -> VE | BC7: =VLOOKUP(AZ7,TwoPlayers!$AG$1:$AH$17,2,FALSE()) -> 4 | BD7: =VLOOKUP(BA7,TwoPlayers!$AG$1:$AH$17,2,FALSE()) -> 9 | BE7: =VLOOKUP(BB7,TwoPlayers!$AG$1:$AH$17,2,FALSE()) -> 9 | BF7: =$AY7-BC7 -> 6 | BG7: =$AY7-BD7 -> 1 | BH7: =$AY7-BE7 -> 1 | BI7: =AX7 -> VEE | BJ7: =VLOOKUP(A7,SortA!$A$1:$BM$65,65,FALSE()) -> 0 | BK7: =VLOOKUP(A7,SortB!$A$1:$BM$65,65,FALSE()) -> 0 | BL7: =VLOOKUP(A7,SortC!$A$1:$BM$65,65,FALSE()) -> 0 | BM7: =IF(SUM(BJ7:BL7)=3,1,0) -> 0
A8: =A7+1 -> 7 | B8: V | C8: E | D8: O | E8: =(IF($B8="V",1,0))+IF($C8="V",1,0)+IF($D8="V",1,0) -> 1 | F8: =(IF($B8="E",1,0))+IF($C8="E",1,0)+IF($D8="E",1,0) -> 1 | G8: =(IF($B8="O",1,0))+IF($C8="O",1,0)+IF($D8="O",1,0) -> 1 | H8: =(IF($B8="L",1,0))+IF($C8="L",1,0)+IF($D8="L",1,0) -> 0 | I8: =(IF(B8="V",1,0)) -> 1 | J8: =(IF(B8="E",1,0)) -> 0 | K8: =(IF(B8="O",1,0)) -> 0 | L8: =(IF(B8="L",1,0)) -> 0 | M8: =(IF(C8="V",1,0)) -> 0 | N8: =(IF(C8="E",1,0)) -> 1 | O8: =(IF(C8="O",1,0)) -> 0 | P8: =(IF(C8="L",1,0)) -> 0 | Q8: =(IF(D8="V",1,0)) -> 0 | R8: =(IF(D8="E",1,0)) -> 0 | S8: =(IF(D8="O",1,0)) -> 1 | T8: =(IF(D8="L",1,0)) -> 0 | U8: =MAX(E8-1,0) -> 0 | V8: =MAX(U8-1+F8,0) -> 0 | W8: =MAX(V8-1+G8,0) -> 0 | X8: =MAX(W8-1+H8,0) -> 0 | Y8: =0.5*(E8*I8+F8*J8+G8*K8+H8*L8-1)+(0+$U8*J8+$V8*K8+$W8*L8) -> 0 | Z8: =0.5*(E8*M8+F8*N8+G8*O8+H8*P8-1)+(0+$U8*N8+$V8*O8+$W8*P8) -> 0 | AA8: =0.5*(E8*Q8+F8*R8+G8*S8+H8*T8-1)+(0+$U8*R8+$V8*S8+$W8*T8) -> 0 | AB8: =IF(B8="V",-2,0)+IF(B8="E",-1,0)+IF(B8="O",0,0)+IF(B8="L",1,0)+Y8 -> -2 | AC8: =IF(C8="V",-2,0)+IF(C8="E",-1,0)+IF(C8="O",0,0)+IF(C8="L",1,0)+Z8 -> -1 | AD8: =IF(D8="V",-2,0)+IF(D8="E",-1,0)+IF(D8="O",0,0)+IF(D8="L",1,0)+AA8 -> 0 | AE8: =IF(B8="V",-2,0)+IF(B8="E",-1,0)+IF(B8="O",0,0)+IF(B8="L",1,0) -> -2 | AF8: =IF(B8="V",-2,0)+IF(B8="E",-1,0)+IF(B8="O",0,0)+IF(B8="L",1,0)+Y8 -> -2 | AG8: =IF(B8="V",-2,0)+IF(B8="E",-1,0)+IF(B8="O",0,0)+IF(B8="L",1,0)+Y8*2 -> -2 | AH8: =IF(C8="V",-2,0)+IF(C8="E",-1,0)+IF(C8="O",0,0)+IF(C8="L",1,0) -> -1 | AI8: =IF(C8="V",-2,0)+IF(C8="E",-1,0)+IF(C8="O",0,0)+IF(C8="L",1,0)+Z8 -> -1 | AJ8: =IF(C8="V",-2,0)+IF(C8="E",-1,0)+IF(C8="O",0,0)+IF(C8="L",1,0)+Z8*2 -> -1 | AK8: =IF(D8="V",-2,0)+IF(D8="E",-1,0)+IF(D8="O",0,0)+IF(D8="L",1,0) -> 0 | AL8: =IF(D8="V",-2,0)+IF(D8="E",-1,0)+IF(D8="O",0,0)+IF(D8="L",1,0)+AA8 -> 0 | AM8: =IF(D8="V",-2,0)+IF(D8="E",-1,0)+IF(D8="O",0,0)+IF(D8="L",1,0)+AA8*2 -> 0 | AN8: =(ABS(IF(AE8<0,AE8*Early,AE8*Late))+ABS(IF(AF8<0,AF8*Early,AF8*Late))+ABS(IF(AG8<0,AG8*Early,AG8*Late)))/3 -> 6 | AO8: =(ABS(IF(AH8<0,AH8*Early,AH8*Late))+ABS(IF(AI8<0,AI8*Early,AI8*Late))+ABS(IF(AJ8<0,AJ8*Early,AJ8*Late)))/3 -> 3 | AP8: =(ABS(IF(AK8<0,AK8*Early,AK8*Late))+ABS(IF(AL8<0,AL8*Early,AL8*Late))+ABS(IF(AM8<0,AM8*Early,AM8*Late)))/3 -> 0 | AQ8: =Y8*Delay+AN8 -> 6 | AR8: =Z8*Delay+AO8 -> 3 | AS8: =AA8*Delay+AP8 -> 0 | AT8: =VLOOKUP(A8,SortA!$A$1:$AT$65,46,FALSE()) -> 0 | AU8: =VLOOKUP(A8,SortB!$A$1:$AT$65,46,FALSE()) -> 0 | AV8: =VLOOKUP(A8,SortC!$A$1:$AT$65,46,FALSE()) -> 1 | AW8: =IF(SUM(AT8:AV8)=3,1,0) -> 0 | AX8: =B8&C8&D8 -> VEO | AY8: =AQ8+AR8+AS8 -> 9 | AZ8: =RIGHT(AX8,2) -> EO | BA8: =LEFT(AX8,1)&RIGHT(AX8,1) -> VO | BB8: =LEFT(AX8,2) -> VE | BC8: =VLOOKUP(AZ8,TwoPlayers!$AG$1:$AH$17,2,FALSE()) -> 3 | BD8: =VLOOKUP(BA8,TwoPlayers!$AG$1:$AH$17,2,FALSE()) -> 6 | BE8: =VLOOKUP(BB8,TwoPlayers!$AG$1:$AH$17,2,FALSE()) -> 9 | BF8: =$AY8-BC8 -> 6 | BG8: =$AY8-BD8 -> 3 | BH8: =$AY8-BE8 -> 0 | BI8: =AX8 -> VEO | BJ8: =VLOOKUP(A8,SortA!$A$1:$BM$65,65,FALSE()) -> 0 | BK8: =VLOOKUP(A8,SortB!$A$1:$BM$65,65,FALSE()) -> 1 | BL8: =VLOOKUP(A8,SortC!$A$1:$BM$65,65,FALSE()) -> 1 | BM8: =IF(SUM(BJ8:BL8)=3,1,0) -> 0
A9: =A8+1 -> 8 | B9: V | C9: E | D9: L | E9: =(IF($B9="V",1,0))+IF($C9="V",1,0)+IF($D9="V",1,0) -> 1 | F9: =(IF($B9="E",1,0))+IF($C9="E",1,0)+IF($D9="E",1,0) -> 1 | G9: =(IF($B9="O",1,0))+IF($C9="O",1,0)+IF($D9="O",1,0) -> 0 | H9: =(IF($B9="L",1,0))+IF($C9="L",1,0)+IF($D9="L",1,0) -> 1 | I9: =(IF(B9="V",1,0)) -> 1 | J9: =(IF(B9="E",1,0)) -> 0 | K9: =(IF(B9="O",1,0)) -> 0 | L9: =(IF(B9="L",1,0)) -> 0 | M9: =(IF(C9="V",1,0)) -> 0 | N9: =(IF(C9="E",1,0)) -> 1 | O9: =(IF(C9="O",1,0)) -> 0 | P9: =(IF(C9="L",1,0)) -> 0 | Q9: =(IF(D9="V",1,0)) -> 0 | R9: =(IF(D9="E",1,0)) -> 0 | S9: =(IF(D9="O",1,0)) -> 0 | T9: =(IF(D9="L",1,0)) -> 1 | U9: =MAX(E9-1,0) -> 0 | V9: =MAX(U9-1+F9,0) -> 0 | W9: =MAX(V9-1+G9,0) -> 0 | X9: =MAX(W9-1+H9,0) -> 0 | Y9: =0.5*(E9*I9+F9*J9+G9*K9+H9*L9-1)+(0+$U9*J9+$V9*K9+$W9*L9) -> 0 | Z9: =0.5*(E9*M9+F9*N9+G9*O9+H9*P9-1)+(0+$U9*N9+$V9*O9+$W9*P9) -> 0 | AA9: =0.5*(E9*Q9+F9*R9+G9*S9+H9*T9-1)+(0+$U9*R9+$V9*S9+$W9*T9) -> 0 | AB9: =IF(B9="V",-2,0)+IF(B9="E",-1,0)+IF(B9="O",0,0)+IF(B9="L",1,0)+Y9 -> -2 | AC9: =IF(C9="V",-2,0)+IF(C9="E",-1,0)+IF(C9="O",0,0)+IF(C9="L",1,0)+Z9 -> -1 | AD9: =IF(D9="V",-2,0)+IF(D9="E",-1,0)+IF(D9="O",0,0)+IF(D9="L",1,0)+AA9 -> 1 | AE9: =IF(B9="V",-2,0)+IF(B9="E",-1,0)+IF(B9="O",0,0)+IF(B9="L",1,0) -> -2 | AF9: =IF(B9="V",-2,0)+IF(B9="E",-1,0)+IF(B9="O",0,0)+IF(B9="L",1,0)+Y9 -> -2 | AG9: =IF(B9="V",-2,0)+IF(B9="E",-1,0)+IF(B9="O",0,0)+IF(B9="L",1,0)+Y9*2 -> -2 | AH9: =IF(C9="V",-2,0)+IF(C9="E",-1,0)+IF(C9="O",0,0)+IF(C9="L",1,0) -> -1 | AI9: =IF(C9="V",-2,0)+IF(C9="E",-1,0)+IF(C9="O",0,0)+IF(C9="L",1,0)+Z9 -> -1 | AJ9: =IF(C9="V",-2,0)+IF(C9="E",-1,0)+IF(C9="O",0,0)+IF(C9="L",1,0)+Z9*2 -> -1 | AK9: =IF(D9="V",-2,0)+IF(D9="E",-1,0)+IF(D9="O",0,0)+IF(D9="L",1,0) -> 1 | AL9: =IF(D9="V",-2,0)+IF(D9="E",-1,0)+IF(D9="O",0,0)+IF(D9="L",1,0)+AA9 -> 1 | AM9: =IF(D9="V",-2,0)+IF(D9="E",-1,0)+IF(D9="O",0,0)+IF(D9="L",1,0)+AA9*2 -> 1 | AN9: =(ABS(IF(AE9<0,AE9*Early,AE9*Late))+ABS(IF(AF9<0,AF9*Early,AF9*Late))+ABS(IF(AG9<0,AG9*Early,AG9*Late)))/3 -> 6 | AO9: =(ABS(IF(AH9<0,AH9*Early,AH9*Late))+ABS(IF(AI9<0,AI9*Early,AI9*Late))+ABS(IF(AJ9<0,AJ9*Early,AJ9*Late)))/3 -> 3 | AP9: =(ABS(IF(AK9<0,AK9*Early,AK9*Late))+ABS(IF(AL9<0,AL9*Early,AL9*Late))+ABS(IF(AM9<0,AM9*Early,AM9*Late)))/3 -> 4 | AQ9: =Y9*Delay+AN9 -> 6 | AR9: =Z9*Delay+AO9 -> 3 | AS9: =AA9*Delay+AP9 -> 4 | AT9: =VLOOKUP(A9,SortA!$A$1:$AT$65,46,FALSE()) -> 0 | AU9: =VLOOKUP(A9,SortB!$A$1:$AT$65,46,FALSE()) -> 0 | AV9: =VLOOKUP(A9,SortC!$A$1:$AT$65,46,FALSE()) -> 0 | AW9: =IF(SUM(AT9:AV9)=3,1,0) -> 0 | AX9: =B9&C9&D9 -> VEL | AY9: =AQ9+AR9+AS9 -> 13 | AZ9: =RIGHT(AX9,2) -> EL | BA9: =LEFT(AX9,1)&RIGHT(AX9,1) -> VL | BB9: =LEFT(AX9,2) -> VE | BC9: =VLOOKUP(AZ9,TwoPlayers!$AG$1:$AH$17,2,FALSE()) -> 7 | BD9: =VLOOKUP(BA9,TwoPlayers!$AG$1:$AH$17,2,FALSE()) -> 10 | BE9: =VLOOKUP(BB9,TwoPlayers!$AG$1:$AH$17,2,FALSE()) -> 9 | BF9: =$AY9-BC9 -> 6 | BG9: =$AY9-BD9 -> 3 | BH9: =$AY9-BE9 -> 4 | BI9: =AX9 -> VEL | BJ9: =VLOOKUP(A9,SortA!$A$1:$BM$65,65,FALSE()) -> 0 | BK9: =VLOOKUP(A9,SortB!$A$1:$BM$65,65,FALSE()) -> 0 | BL9: =VLOOKUP(A9,SortC!$A$1:$BM$65,65,FALSE()) -> 0 | BM9: =IF(SUM(BJ9:BL9)=3,1,0) -> 0
A10: =A9+1 -> 9 | B10: V | C10: O | D10: V | E10: =(IF($B10="V",1,0))+IF($C10="V",1,0)+IF($D10="V",1,0) -> 2 | F10: =(IF($B10="E",1,0))+IF($C10="E",1,0)+IF($D10="E",1,0) -> 0 | G10: =(IF($B10="O",1,0))+IF($C10="O",1,0)+IF($D10="O",1,0) -> 1 | H10: =(IF($B10="L",1,0))+IF($C10="L",1,0)+IF($D10="L",1,0) -> 0 | I10: =(IF(B10="V",1,0)) -> 1 | J10: =(IF(B10="E",1,0)) -> 0 | K10: =(IF(B10="O",1,0)) -> 0 | L10: =(IF(B10="L",1,0)) -> 0 | M10: =(IF(C10="V",1,0)) -> 0 | N10: =(IF(C10="E",1,0)) -> 0 | O10: =(IF(C10="O",1,0)) -> 1 | P10: =(IF(C10="L",1,0)) -> 0 | Q10: =(IF(D10="V",1,0)) -> 1 | R10: =(IF(D10="E",1,0)) -> 0 | S10: =(IF(D10="O",1,0)) -> 0 | T10: =(IF(D10="L",1,0)) -> 0 | U10: =MAX(E10-1,0) -> 1 | V10: =MAX(U10-1+F10,0) -> 0 | W10: =MAX(V10-1+G10,0) -> 0 | X10: =MAX(W10-1+H10,0) -> 0 | Y10: =0.5*(E10*I10+F10*J10+G10*K10+H10*L10-1)+(0+$U10*J10+$V10*K10+$W10*L10) -> 0.5 | Z10: =0.5*(E10*M10+F10*N10+G10*O10+H10*P10-1)+(0+$U10*N10+$V10*O10+$W10*P10) -> 0 | AA10: =0.5*(E10*Q10+F10*R10+G10*S10+H10*T10-1)+(0+$U10*R10+$V10*S10+$W10*T10) -> 0.5 | AB10: =IF(B10="V",-2,0)+IF(B10="E",-1,0)+IF(B10="O",0,0)+IF(B10="L",1,0)+Y10 -> -1.5 | AC10: =IF(C10="V",-2,0)+IF(C10="E",-1,0)+IF(C10="O",0,0)+IF(C10="L",1,0)+Z10 -> 0 | AD10: =IF(D10="V",-2,0)+IF(D10="E",-1,0)+IF(D10="O",0,0)+IF(D10="L",1,0)+AA10 -> -1.5 | AE10: =IF(B10="V",-2,0)+IF(B10="E",-1,0)+IF(B10="O",0,0)+IF(B10="L",1,0) -> -2 | AF10: =IF(B10="V",-2,0)+IF(B10="E",-1,0)+IF(B10="O",0,0)+IF(B10="L",1,0)+Y10 -> -1.5 | AG10: =IF(B10="V",-2,0)+IF(B10="E",-1,0)+IF(B10="O",0,0)+IF(B10="L",1,0)+Y10*2 -> -1 | AH10: =IF(C10="V",-2,0)+IF(C10="E",-1,0)+IF(C10="O",0,0)+IF(C10="L",1,0) -> 0 | AI10: =IF(C10="V",-2,0)+IF(C10="E",-1,0)+IF(C10="O",0,0)+IF(C10="L",1,0)+Z10 -> 0 | AJ10: =IF(C10="V",-2,0)+IF(C10="E",-1,0)+IF(C10="O",0,0)+IF(C10="L",1,0)+Z10*2 -> 0 | AK10: =IF(D10="V",-2,0)+IF(D10="E",-1,0)+IF(D10="O",0,0)+IF(D10="L",1,0) -> -2 | AL10: =IF(D10="V",-2,0)+IF(D10="E",-1,0)+IF(D10="O",0,0)+IF(D10="L",1,0)+AA10 -> -1.5 | AM10: =IF(D10="V",-2,0)+IF(D10="E",-1,0)+IF(D10="O",0,0)+IF(D10="L",1,0)+AA10*2 -> -1 | AN10: =(ABS(IF(AE10<0,AE10*Early,AE10*Late))+ABS(IF(AF10<0,AF10*Early,AF10*Late))+ABS(IF(AG10<0,AG10*Early,AG10*Late)))/3 -> 4.5 | AO10: =(ABS(IF(AH10<0,AH10*Early,AH10*Late))+ABS(IF(AI10<0,AI10*Early,AI10*Late))+ABS(IF(AJ10<0,AJ10*Early,AJ10*Late)))/3 -> 0 | AP10: =(ABS(IF(AK10<0,AK10*Early,AK10*Late))+ABS(IF(AL10<0,AL10*Early,AL10*Late))+ABS(IF(AM10<0,AM10*Early,AM10*Late)))/3 -> 4.5 | AQ10: =Y10*Delay+AN10 -> 5 | AR10: =Z10*Delay+AO10 -> 0 | AS10: =AA10*Delay+AP10 -> 5 | AT10: =VLOOKUP(A10,SortA!$A$1:$AT$65,46,FALSE()) -> 0 | AU10: =VLOOKUP(A10,SortB!$A$1:$AT$65,46,FALSE()) -> 1 | AV10: =VLOOKUP(A10,SortC!$A$1:$AT$65,46,FALSE()) -> 0 | AW10: =IF(SUM(AT10:AV10)=3,1,0) -> 0 | AX10: =B10&C10&D10 -> VOV | AY10: =AQ10+AR10+AS10 -> 10 | AZ10: =RIGHT(AX10,2) -> OV | BA10: =LEFT(AX10,1)&RIGHT(AX10,1) -> VV | BB10: =LEFT(AX10,2) -> VO | BC10: =VLOOKUP(AZ10,TwoPlayers!$AG$1:$AH$17,2,FALSE()) -> 6 | BD10: =VLOOKUP(BA10,TwoPlayers!$AG$1:$AH$17,2,FALSE()) -> 10 | BE10: =VLOOKUP(BB10,TwoPlayers!$AG$1:$AH$17,2,FALSE()) -> 6 | BF10: =$AY10-BC10 -> 4 | BG10: =$AY10-BD10 -> 0 | BH10: =$AY10-BE10 -> 4 | BI10: =AX10 -> VOV | BJ10: =VLOOKUP(A10,SortA!$A$1:$BM$65,65,FALSE()) -> 0 | BK10: =VLOOKUP(A10,SortB!$A$1:$BM$65,65,FALSE()) -> 1 | BL10: =VLOOKUP(A10,SortC!$A$1:$BM$65,65,FALSE()) -> 0 | BM10: =IF(SUM(BJ10:BL10)=3,1,0) -> 0
A11: =A10+1 -> 10 | B11: V | C11: O | D11: E | E11: =(IF($B11="V",1,0))+IF($C11="V",1,0)+IF($D11="V",1,0) -> 1 | F11: =(IF($B11="E",1,0))+IF($C11="E",1,0)+IF($D11="E",1,0) -> 1 | G11: =(IF($B11="O",1,0))+IF($C11="O",1,0)+IF($D11="O",1,0) -> 1 | H11: =(IF($B11="L",1,0))+IF($C11="L",1,0)+IF($D11="L",1,0) -> 0 | I11: =(IF(B11="V",1,0)) -> 1 | J11: =(IF(B11="E",1,0)) -> 0 | K11: =(IF(B11="O",1,0)) -> 0 | L11: =(IF(B11="L",1,0)) -> 0 | M11: =(IF(C11="V",1,0)) -> 0 | N11: =(IF(C11="E",1,0)) -> 0 | O11: =(IF(C11="O",1,0)) -> 1 | P11: =(IF(C11="L",1,0)) -> 0 | Q11: =(IF(D11="V",1,0)) -> 0 | R11: =(IF(D11="E",1,0)) -> 1 | S11: =(IF(D11="O",1,0)) -> 0 | T11: =(IF(D11="L",1,0)) -> 0 | U11: =MAX(E11-1,0) -> 0 | V11: =MAX(U11-1+F11,0) -> 0 | W11: =MAX(V11-1+G11,0) -> 0 | X11: =MAX(W11-1+H11,0) -> 0 | Y11: =0.5*(E11*I11+F11*J11+G11*K11+H11*L11-1)+(0+$U11*J11+$V11*K11+$W11*L11) -> 0 | Z11: =0.5*(E11*M11+F11*N11+G11*O11+H11*P11-1)+(0+$U11*N11+$V11*O11+$W11*P11) -> 0 | AA11: =0.5*(E11*Q11+F11*R11+G11*S11+H11*T11-1)+(0+$U11*R11+$V11*S11+$W11*T11) -> 0 | AB11: =IF(B11="V",-2,0)+IF(B11="E",-1,0)+IF(B11="O",0,0)+IF(B11="L",1,0)+Y11 -> -2 | AC11: =IF(C11="V",-2,0)+IF(C11="E",-1,0)+IF(C11="O",0,0)+IF(C11="L",1,0)+Z11 -> 0 | AD11: =IF(D11="V",-2,0)+IF(D11="E",-1,0)+IF(D11="O",0,0)+IF(D11="L",1,0)+AA11 -> -1 | AE11: =IF(B11="V",-2,0)+IF(B11="E",-1,0)+IF(B11="O",0,0)+IF(B11="L",1,0) -> -2 | AF11: =IF(B11="V",-2,0)+IF(B11="E",-1,0)+IF(B11="O",0,0)+IF(B11="L",1,0)+Y11 -> -2 | AG11: =IF(B11="V",-2,0)+IF(B11="E",-1,0)+IF(B11="O",0,0)+IF(B11="L",1,0)+Y11*2 -> -2 | AH11: =IF(C11="V",-2,0)+IF(C11="E",-1,0)+IF(C11="O",0,0)+IF(C11="L",1,0) -> 0 | AI11: =IF(C11="V",-2,0)+IF(C11="E",-1,0)+IF(C11="O",0,0)+IF(C11="L",1,0)+Z11 -> 0 | AJ11: =IF(C11="V",-2,0)+IF(C11="E",-1,0)+IF(C11="O",0,0)+IF(C11="L",1,0)+Z11*2 -> 0 | AK11: =IF(D11="V",-2,0)+IF(D11="E",-1,0)+IF(D11="O",0,0)+IF(D11="L",1,0) -> -1 | AL11: =IF(D11="V",-2,0)+IF(D11="E",-1,0)+IF(D11="O",0,0)+IF(D11="L",1,0)+AA11 -> -1 | AM11: =IF(D11="V",-2,0)+IF(D11="E",-1,0)+IF(D11="O",0,0)+IF(D11="L",1,0)+AA11*2 -> -1 | AN11: =(ABS(IF(AE11<0,AE11*Early,AE11*Late))+ABS(IF(AF11<0,AF11*Early,AF11*Late))+ABS(IF(AG11<0,AG11*Early,AG11*Late)))/3 -> 6 | AO11: =(ABS(IF(AH11<0,AH11*Early,AH11*Late))+ABS(IF(AI11<0,AI11*Early,AI11*Late))+ABS(IF(AJ11<0,AJ11*Early,AJ11*Late)))/3 -> 0 | AP11: =(ABS(IF(AK11<0,AK11*Early,AK11*Late))+ABS(IF(AL11<0,AL11*Early,AL11*Late))+ABS(IF(AM11<0,AM11*Early,AM11*Late)))/3 -> 3 | AQ11: =Y11*Delay+AN11 -> 6 | AR11: =Z11*Delay+AO11 -> 0 | AS11: =AA11*Delay+AP11 -> 3 | AT11: =VLOOKUP(A11,SortA!$A$1:$AT$65,46,FALSE()) -> 0 | AU11: =VLOOKUP(A11,SortB!$A$1:$AT$65,46,FALSE()) -> 1 | AV11: =VLOOKUP(A11,SortC!$A$1:$AT$65,46,FALSE()) -> 0 | AW11: =IF(SUM(AT11:AV11)=3,1,0) -> 0 | AX11: =B11&C11&D11 -> VOE | AY11: =AQ11+AR11+AS11 -> 9 | AZ11: =RIGHT(AX11,2) -> OE | BA11: =LEFT(AX11,1)&RIGHT(AX11,1) -> VE | BB11: =LEFT(AX11,2) -> VO | BC11: =VLOOKUP(AZ11,TwoPlayers!$AG$1:$AH$17,2,FALSE()) -> 3 | BD11: =VLOOKUP(BA11,TwoPlayers!$AG$1:$AH$17,2,FALSE()) -> 9 | BE11: =VLOOKUP(BB11,TwoPlayers!$AG$1:$AH$17,2,FALSE()) -> 6 | BF11: =$AY11-BC11 -> 6 | BG11: =$AY11-BD11 -> 0 | BH11: =$AY11-BE11 -> 3 | BI11: =AX11 -> VOE | BJ11: =VLOOKUP(A11,SortA!$A$1:$BM$65,65,FALSE()) -> 0 | BK11: =VLOOKUP(A11,SortB!$A$1:$BM$65,65,FALSE()) -> 1 | BL11: =VLOOKUP(A11,SortC!$A$1:$BM$65,65,FALSE()) -> 1 | BM11: =IF(SUM(BJ11:BL11)=3,1,0) -> 0
A12: =A11+1 -> 11 | B12: V | C12: O | D12: O | E12: =(IF($B12="V",1,0))+IF($C12="V",1,0)+IF($D12="V",1,0) -> 1 | F12: =(IF($B12="E",1,0))+IF($C12="E",1,0)+IF($D12="E",1,0) -> 0 | G12: =(IF($B12="O",1,0))+IF($C12="O",1,0)+IF($D12="O",1,0) -> 2 | H12: =(IF($B12="L",1,0))+IF($C12="L",1,0)+IF($D12="L",1,0) -> 0 | I12: =(IF(B12="V",1,0)) -> 1 | J12: =(IF(B12="E",1,0)) -> 0 | K12: =(IF(B12="O",1,0)) -> 0 | L12: =(IF(B12="L",1,0)) -> 0 | M12: =(IF(C12="V",1,0)) -> 0 | N12: =(IF(C12="E",1,0)) -> 0 | O12: =(IF(C12="O",1,0)) -> 1 | P12: =(IF(C12="L",1,0)) -> 0 | Q12: =(IF(D12="V",1,0)) -> 0 | R12: =(IF(D12="E",1,0)) -> 0 | S12: =(IF(D12="O",1,0)) -> 1 | T12: =(IF(D12="L",1,0)) -> 0 | U12: =MAX(E12-1,0) -> 0 | V12: =MAX(U12-1+F12,0) -> 0 | W12: =MAX(V12-1+G12,0) -> 1 | X12: =MAX(W12-1+H12,0) -> 0 | Y12: =0.5*(E12*I12+F12*J12+G12*K12+H12*L12-1)+(0+$U12*J12+$V12*K12+$W12*L12) -> 0 | Z12: =0.5*(E12*M12+F12*N12+G12*O12+H12*P12-1)+(0+$U12*N12+$V12*O12+$W12*P12) -> 0.5 | AA12: =0.5*(E12*Q12+F12*R12+G12*S12+H12*T12-1)+(0+$U12*R12+$V12*S12+$W12*T12) -> 0.5 | AB12: =IF(B12="V",-2,0)+IF(B12="E",-1,0)+IF(B12="O",0,0)+IF(B12="L",1,0)+Y12 -> -2 | AC12: =IF(C12="V",-2,0)+IF(C12="E",-1,0)+IF(C12="O",0,0)+IF(C12="L",1,0)+Z12 -> 0.5 | AD12: =IF(D12="V",-2,0)+IF(D12="E",-1,0)+IF(D12="O",0,0)+IF(D12="L",1,0)+AA12 -> 0.5 | AE12: =IF(B12="V",-2,0)+IF(B12="E",-1,0)+IF(B12="O",0,0)+IF(B12="L",1,0) -> -2 | AF12: =IF(B12="V",-2,0)+IF(B12="E",-1,0)+IF(B12="O",0,0)+IF(B12="L",1,0)+Y12 -> -2 | AG12: =IF(B12="V",-2,0)+IF(B12="E",-1,0)+IF(B12="O",0,0)+IF(B12="L",1,0)+Y12*2 -> -2 | AH12: =IF(C12="V",-2,0)+IF(C12="E",-1,0)+IF(C12="O",0,0)+IF(C12="L",1,0) -> 0 | AI12: =IF(C12="V",-2,0)+IF(C12="E",-1,0)+IF(C12="O",0,0)+IF(C12="L",1,0)+Z12 -> 0.5 | AJ12: =IF(C12="V",-2,0)+IF(C12="E",-1,0)+IF(C12="O",0,0)+IF(C12="L",1,0)+Z12*2 -> 1 | AK12: =IF(D12="V",-2,0)+IF(D12="E",-1,0)+IF(D12="O",0,0)+IF(D12="L",1,0) -> 0 | AL12: =IF(D12="V",-2,0)+IF(D12="E",-1,0)+IF(D12="O",0,0)+IF(D12="L",1,0)+AA12 -> 0.5 | AM12: =IF(D12="V",-2,0)+IF(D12="E",-1,0)+IF(D12="O",0,0)+IF(D12="L",1,0)+AA12*2 -> 1 | AN12: =(ABS(IF(AE12<0,AE12*Early,AE12*Late))+ABS(IF(AF12<0,AF12*Early,AF12*Late))+ABS(IF(AG12<0,AG12*Early,AG12*Late)))/3 -> 6 | AO12: =(ABS(IF(AH12<0,AH12*Early,AH12*Late))+ABS(IF(AI12<0,AI12*Early,AI12*Late))+ABS(IF(AJ12<0,AJ12*Early,AJ12*Late)))/3 -> 2 | AP12: =(ABS(IF(AK12<0,AK12*Early,AK12*Late))+ABS(IF(AL12<0,AL12*Early,AL12*Late))+ABS(IF(AM12<0,AM12*Early,AM12*Late)))/3 -> 2 | AQ12: =Y12*Delay+AN12 -> 6 | AR12: =Z12*Delay+AO12 -> 2.5 | AS12: =AA12*Delay+AP12 -> 2.5 | AT12: =VLOOKUP(A12,SortA!$A$1:$AT$65,46,FALSE()) -> 0 | AU12: =VLOOKUP(A12,SortB!$A$1:$AT$65,46,FALSE()) -> 1 | AV12: =VLOOKUP(A12,SortC!$A$1:$AT$65,46,FALSE()) -> 1 | AW12: =IF(SUM(AT12:AV12)=3,1,0) -> 0 | AX12: =B12&C12&D12 -> VOO | AY12: =AQ12+AR12+AS12 -> 11 | AZ12: =RIGHT(AX12,2) -> OO | BA12: =LEFT(AX12,1)&RIGHT(AX12,1) -> VO | BB12: =LEFT(AX12,2) -> VO | BC12: =VLOOKUP(AZ12,TwoPlayers!$AG$1:$AH$17,2,FALSE()) -> 5 | BD12: =VLOOKUP(BA12,TwoPlayers!$AG$1:$AH$17,2,FALSE()) -> 6 | BE12: =VLOOKUP(BB12,TwoPlayers!$AG$1:$AH$17,2,FALSE()) -> 6 | BF12: =$AY12-BC12 -> 6 | BG12: =$AY12-BD12 -> 5 | BH12: =$AY12-BE12 -> 5 | BI12: =AX12 -> VOO | BJ12: =VLOOKUP(A12,SortA!$A$1:$BM$65,65,FALSE()) -> 0 | BK12: =VLOOKUP(A12,SortB!$A$1:$BM$65,65,FALSE()) -> 0 | BL12: =VLOOKUP(A12,SortC!$A$1:$BM$65,65,FALSE()) -> 0 | BM12: =IF(SUM(BJ12:BL12)=3,1,0) -> 0
A13: =A12+1 -> 12 | B13: V | C13: O | D13: L | E13: =(IF($B13="V",1,0))+IF($C13="V",1,0)+IF($D13="V",1,0) -> 1 | F13: =(IF($B13="E",1,0))+IF($C13="E",1,0)+IF($D13="E",1,0) -> 0 | G13: =(IF($B13="O",1,0))+IF($C13="O",1,0)+IF($D13="O",1,0) -> 1 | H13: =(IF($B13="L",1,0))+IF($C13="L",1,0)+IF($D13="L",1,0) -> 1 | I13: =(IF(B13="V",1,0)) -> 1 | J13: =(IF(B13="E",1,0)) -> 0 | K13: =(IF(B13="O",1,0)) -> 0 | L13: =(IF(B13="L",1,0)) -> 0 | M13: =(IF(C13="V",1,0)) -> 0 | N13: =(IF(C13="E",1,0)) -> 0 | O13: =(IF(C13="O",1,0)) -> 1 | P13: =(IF(C13="L",1,0)) -> 0 | Q13: =(IF(D13="V",1,0)) -> 0 | R13: =(IF(D13="E",1,0)) -> 0 | S13: =(IF(D13="O",1,0)) -> 0 | T13: =(IF(D13="L",1,0)) -> 1 | U13: =MAX(E13-1,0) -> 0 | V13: =MAX(U13-1+F13,0) -> 0 | W13: =MAX(V13-1+G13,0) -> 0 | X13: =MAX(W13-1+H13,0) -> 0 | Y13: =0.5*(E13*I13+F13*J13+G13*K13+H13*L13-1)+(0+$U13*J13+$V13*K13+$W13*L13) -> 0 | Z13: =0.5*(E13*M13+F13*N13+G13*O13+H13*P13-1)+(0+$U13*N13+$V13*O13+$W13*P13) -> 0 | AA13: =0.5*(E13*Q13+F13*R13+G13*S13+H13*T13-1)+(0+$U13*R13+$V13*S13+$W13*T13) -> 0 | AB13: =IF(B13="V",-2,0)+IF(B13="E",-1,0)+IF(B13="O",0,0)+IF(B13="L",1,0)+Y13 -> -2 | AC13: =IF(C13="V",-2,0)+IF(C13="E",-1,0)+IF(C13="O",0,0)+IF(C13="L",1,0)+Z13 -> 0 | AD13: =IF(D13="V",-2,0)+IF(D13="E",-1,0)+IF(D13="O",0,0)+IF(D13="L",1,0)+AA13 -> 1 | AE13: =IF(B13="V",-2,0)+IF(B13="E",-1,0)+IF(B13="O",0,0)+IF(B13="L",1,0) -> -2 | AF13: =IF(B13="V",-2,0)+IF(B13="E",-1,0)+IF(B13="O",0,0)+IF(B13="L",1,0)+Y13 -> -2 | AG13: =IF(B13="V",-2,0)+IF(B13="E",-1,0)+IF(B13="O",0,0)+IF(B13="L",1,0)+Y13*2 -> -2 | AH13: =IF(C13="V",-2,0)+IF(C13="E",-1,0)+IF(C13="O",0,0)+IF(C13="L",1,0) -> 0 | AI13: =IF(C13="V",-2,0)+IF(C13="E",-1,0)+IF(C13="O",0,0)+IF(C13="L",1,0)+Z13 -> 0 | AJ13: =IF(C13="V",-2,0)+IF(C13="E",-1,0)+IF(C13="O",0,0)+IF(C13="L",1,0)+Z13*2 -> 0 | AK13: =IF(D13="V",-2,0)+IF(D13="E",-1,0)+IF(D13="O",0,0)+IF(D13="L",1,0) -> 1 | AL13: =IF(D13="V",-2,0)+IF(D13="E",-1,0)+IF(D13="O",0,0)+IF(D13="L",1,0)+AA13 -> 1 | AM13: =IF(D13="V",-2,0)+IF(D13="E",-1,0)+IF(D13="O",0,0)+IF(D13="L",1,0)+AA13*2 -> 1 | AN13: =(ABS(IF(AE13<0,AE13*Early,AE13*Late))+ABS(IF(AF13<0,AF13*Early,AF13*Late))+ABS(IF(AG13<0,AG13*Early,AG13*Late)))/3 -> 6 | AO13: =(ABS(IF(AH13<0,AH13*Early,AH13*Late))+ABS(IF(AI13<0,AI13*Early,AI13*Late))+ABS(IF(AJ13<0,AJ13*Early,AJ13*Late)))/3 -> 0 | AP13: =(ABS(IF(AK13<0,AK13*Early,AK13*Late))+ABS(IF(AL13<0,AL13*Early,AL13*Late))+ABS(IF(AM13<0,AM13*Early,AM13*Late)))/3 -> 4 | AQ13: =Y13*Delay+AN13 -> 6 | AR13: =Z13*Delay+AO13 -> 0 | AS13: =AA13*Delay+AP13 -> 4 | AT13: =VLOOKUP(A13,SortA!$A$1:$AT$65,46,FALSE()) -> 0 | AU13: =VLOOKUP(A13,SortB!$A$1:$AT$65,46,FALSE()) -> 1 | AV13: =VLOOKUP(A13,SortC!$A$1:$AT$65,46,FALSE()) -> 0 | AW13: =IF(SUM(AT13:AV13)=3,1,0) -> 0 | AX13: =B13&C13&D13 -> VOL | AY13: =AQ13+AR13+AS13 -> 10 | AZ13: =RIGHT(AX13,2) -> OL | BA13: =LEFT(AX13,1)&RIGHT(AX13,1) -> VL | BB13: =LEFT(AX13,2) -> VO | BC13: =VLOOKUP(AZ13,TwoPlayers!$AG$1:$AH$17,2,FALSE()) -> 4 | BD13: =VLOOKUP(BA13,TwoPlayers!$AG$1:$AH$17,2,FALSE()) -> 10 | BE13: =VLOOKUP(BB13,TwoPlayers!$AG$1:$AH$17,2,FALSE()) -> 6 | BF13: =$AY13-BC13 -> 6 | BG13: =$AY13-BD13 -> 0 | BH13: =$AY13-BE13 -> 4 | BI13: =AX13 -> VOL | BJ13: =VLOOKUP(A13,SortA!$A$1:$BM$65,65,FALSE()) -> 0 | BK13: =VLOOKUP(A13,SortB!$A$1:$BM$65,65,FALSE()) -> 1 | BL13: =VLOOKUP(A13,SortC!$A$1:$BM$65,65,FALSE()) -> 0 | BM13: =IF(SUM(BJ13:BL13)=3,1,0) -> 0
A14: =A13+1 -> 13 | B14: V | C14: L | D14: V | E14: =(IF($B14="V",1,0))+IF($C14="V",1,0)+IF($D14="V",1,0) -> 2 | F14: =(IF($B14="E",1,0))+IF($C14="E",1,0)+IF($D14="E",1,0) -> 0 | G14: =(IF($B14="O",1,0))+IF($C14="O",1,0)+IF($D14="O",1,0) -> 0 | H14: =(IF($B14="L",1,0))+IF($C14="L",1,0)+IF($D14="L",1,0) -> 1 | I14: =(IF(B14="V",1,0)) -> 1 | J14: =(IF(B14="E",1,0)) -> 0 | K14: =(IF(B14="O",1,0)) -> 0 | L14: =(IF(B14="L",1,0)) -> 0 | M14: =(IF(C14="V",1,0)) -> 0 | N14: =(IF(C14="E",1,0)) -> 0 | O14: =(IF(C14="O",1,0)) -> 0 | P14: =(IF(C14="L",1,0)) -> 1 | Q14: =(IF(D14="V",1,0)) -> 1 | R14: =(IF(D14="E",1,0)) -> 0 | S14: =(IF(D14="O",1,0)) -> 0 | T14: =(IF(D14="L",1,0)) -> 0 | U14: =MAX(E14-1,0) -> 1 | V14: =MAX(U14-1+F14,0) -> 0 | W14: =MAX(V14-1+G14,0) -> 0 | X14: =MAX(W14-1+H14,0) -> 0 | Y14: =0.5*(E14*I14+F14*J14+G14*K14+H14*L14-1)+(0+$U14*J14+$V14*K14+$W14*L14) -> 0.5 | Z14: =0.5*(E14*M14+F14*N14+G14*O14+H14*P14-1)+(0+$U14*N14+$V14*O14+$W14*P14) -> 0 | AA14: =0.5*(E14*Q14+F14*R14+G14*S14+H14*T14-1)+(0+$U14*R14+$V14*S14+$W14*T14) -> 0.5 | AB14: =IF(B14="V",-2,0)+IF(B14="E",-1,0)+IF(B14="O",0,0)+IF(B14="L",1,0)+Y14 -> -1.5 | AC14: =IF(C14="V",-2,0)+IF(C14="E",-1,0)+IF(C14="O",0,0)+IF(C14="L",1,0)+Z14 -> 1 | AD14: =IF(D14="V",-2,0)+IF(D14="E",-1,0)+IF(D14="O",0,0)+IF(D14="L",1,0)+AA14 -> -1.5 | AE14: =IF(B14="V",-2,0)+IF(B14="E",-1,0)+IF(B14="O",0,0)+IF(B14="L",1,0) -> -2 | AF14: =IF(B14="V",-2,0)+IF(B14="E",-1,0)+IF(B14="O",0,0)+IF(B14="L",1,0)+Y14 -> -1.5 | AG14: =IF(B14="V",-2,0)+IF(B14="E",-1,0)+IF(B14="O",0,0)+IF(B14="L",1,0)+Y14*2 -> -1 | AH14: =IF(C14="V",-2,0)+IF(C14="E",-1,0)+IF(C14="O",0,0)+IF(C14="L",1,0) -> 1 | AI14: =IF(C14="V",-2,0)+IF(C14="E",-1,0)+IF(C14="O",0,0)+IF(C14="L",1,0)+Z14 -> 1 | AJ14: =IF(C14="V",-2,0)+IF(C14="E",-1,0)+IF(C14="O",0,0)+IF(C14="L",1,0)+Z14*2 -> 1 | AK14: =IF(D14="V",-2,0)+IF(D14="E",-1,0)+IF(D14="O",0,0)+IF(D14="L",1,0) -> -2 | AL14: =IF(D14="V",-2,0)+IF(D14="E",-1,0)+IF(D14="O",0,0)+IF(D14="L",1,0)+AA14 -> -1.5 | AM14: =IF(D14="V",-2,0)+IF(D14="E",-1,0)+IF(D14="O",0,0)+IF(D14="L",1,0)+AA14*2 -> -1 | AN14: =(ABS(IF(AE14<0,AE14*Early,AE14*Late))+ABS(IF(AF14<0,AF14*Early,AF14*Late))+ABS(IF(AG14<0,AG14*Early,AG14*Late)))/3 -> 4.5 | AO14: =(ABS(IF(AH14<0,AH14*Early,AH14*Late))+ABS(IF(AI14<0,AI14*Early,AI14*Late))+ABS(IF(AJ14<0,AJ14*Early,AJ14*Late)))/3 -> 4 | AP14: =(ABS(IF(AK14<0,AK14*Early,AK14*Late))+ABS(IF(AL14<0,AL14*Early,AL14*Late))+ABS(IF(AM14<0,AM14*Early,AM14*Late)))/3 -> 4.5 | AQ14: =Y14*Delay+AN14 -> 5 | AR14: =Z14*Delay+AO14 -> 4 | AS14: =AA14*Delay+AP14 -> 5 | AT14: =VLOOKUP(A14,SortA!$A$1:$AT$65,46,FALSE()) -> 0 | AU14: =VLOOKUP(A14,SortB!$A$1:$AT$65,46,FALSE()) -> 0 | AV14: =VLOOKUP(A14,SortC!$A$1:$AT$65,46,FALSE()) -> 0 | AW14: =IF(SUM(AT14:AV14)=3,1,0) -> 0 | AX14: =B14&C14&D14 -> VLV | AY14: =AQ14+AR14+AS14 -> 14 | AZ14: =RIGHT(AX14,2) -> LV | BA14: =LEFT(AX14,1)&RIGHT(AX14,1) -> VV | BB14: =LEFT(AX14,2) -> VL | BC14: =VLOOKUP(AZ14,TwoPlayers!$AG$1:$AH$17,2,FALSE()) -> 10 | BD14: =VLOOKUP(BA14,TwoPlayers!$AG$1:$AH$17,2,FALSE()) -> 10 | BE14: =VLOOKUP(BB14,TwoPlayers!$AG$1:$AH$17,2,FALSE()) -> 10 | BF14: =$AY14-BC14 -> 4 | BG14: =$AY14-BD14 -> 4 | BH14: =$AY14-BE14 -> 4 | BI14: =AX14 -> VLV | BJ14: =VLOOKUP(A14,SortA!$A$1:$BM$65,65,FALSE()) -> 0 | BK14: =VLOOKUP(A14,SortB!$A$1:$BM$65,65,FALSE()) -> 0 | BL14: =VLOOKUP(A14,SortC!$A$1:$BM$65,65,FALSE()) -> 0 | BM14: =IF(SUM(BJ14:BL14)=3,1,0) -> 0
... A65: =A64+1 -> 64 | B65: L | C65: L | D65: L | E65: =(IF($B65="V",1,0))+IF($C65="V",1,0)+IF($D65="V",1,0) -> 0 | F65: =(IF($B65="E",1,0))+IF($C65="E",1,0)+IF($D65="E",1,0) -> 0 | G65: =(IF($B65="O",1,0))+IF($C65="O",1,0)+IF($D65="O",1,0) -> 0 | H65: =(IF($B65="L",1,0))+IF($C65="L",1,0)+IF($D65="L",1,0) -> 3 | I65: =(IF(B65="V",1,0)) -> 0 | J65: =(IF(B65="E",1,0)) -> 0 | K65: =(IF(B65="O",1,0)) -> 0 | L65: =(IF(B65="L",1,0)) -> 1 | M65: =(IF(C65="V",1,0)) -> 0 | N65: =(IF(C65="E",1,0)) -> 0 | O65: =(IF(C65="O",1,0)) -> 0 | P65: =(IF(C65="L",1,0)) -> 1 | Q65: =(IF(D65="V",1,0)) -> 0 | R65: =(IF(D65="E",1,0)) -> 0 | S65: =(IF(D65="O",1,0)) -> 0 | T65: =(IF(D65="L",1,0)) -> 1 | U65: =MAX(E65-1,0) -> 0 | V65: =MAX(U65-1+F65,0) -> 0 | W65: =MAX(V65-1+G65,0) -> 0 | X65: =MAX(W65-1+H65,0) -> 2 | Y65: =0.5*(E65*I65+F65*J65+G65*K65+H65*L65-1)+(0+$U65*J65+$V65*K65+$W65*L65) -> 1 | Z65: =0.5*(E65*M65+F65*N65+G65*O65+H65*P65-1)+(0+$U65*N65+$V65*O65+$W65*P65) -> 1 | AA65: =0.5*(E65*Q65+F65*R65+G65*S65+H65*T65-1)+(0+$U65*R65+$V65*S65+$W65*T65) -> 1 | AB65: =IF(B65="V",-2,0)+IF(B65="E",-1,0)+IF(B65="O",0,0)+IF(B65="L",1,0)+Y65 -> 2 | AC65: =IF(C65="V",-2,0)+IF(C65="E",-1,0)+IF(C65="O",0,0)+IF(C65="L",1,0)+Z65 -> 2 | AD65: =IF(D65="V",-2,0)+IF(D65="E",-1,0)+IF(D65="O",0,0)+IF(D65="L",1,0)+AA65 -> 2 | AE65: =IF(B65="V",-2,0)+IF(B65="E",-1,0)+IF(B65="O",0,0)+IF(B65="L",1,0) -> 1 | AF65: =IF(B65="V",-2,0)+IF(B65="E",-1,0)+IF(B65="O",0,0)+IF(B65="L",1,0)+Y65 -> 2 | AG65: =IF(B65="V",-2,0)+IF(B65="E",-1,0)+IF(B65="O",0,0)+IF(B65="L",1,0)+Y65*2 -> 3 | AH65: =IF(C65="V",-2,0)+IF(C65="E",-1,0)+IF(C65="O",0,0)+IF(C65="L",1,0) -> 1 | AI65: =IF(C65="V",-2,0)+IF(C65="E",-1,0)+IF(C65="O",0,0)+IF(C65="L",1,0)+Z65 -> 2 | AJ65: =IF(C65="V",-2,0)+IF(C65="E",-1,0)+IF(C65="O",0,0)+IF(C65="L",1,0)+Z65*2 -> 3 | AK65: =IF(D65="V",-2,0)+IF(D65="E",-1,0)+IF(D65="O",0,0)+IF(D65="L",1,0) -> 1 | AL65: =IF(D65="V",-2,0)+IF(D65="E",-1,0)+IF(D65="O",0,0)+IF(D65="L",1,0)+AA65 -> 2 | AM65: =IF(D65="V",-2,0)+IF(D65="E",-1,0)+IF(D65="O",0,0)+IF(D65="L",1,0)+AA65*2 -> 3 | AN65: =(ABS(IF(AE65<0,AE65*Early,AE65*Late))+ABS(IF(AF65<0,AF65*Early,AF65*Late))+ABS(IF(AG65<0,AG65*Early,AG65*Late)))/3 -> 8 | AO65: =(ABS(IF(AH65<0,AH65*Early,AH65*Late))+ABS(IF(AI65<0,AI65*Early,AI65*Late))+ABS(IF(AJ65<0,AJ65*Early,AJ65*Late)))/3 -> 8 | AP65: =(ABS(IF(AK65<0,AK65*Early,AK65*Late))+ABS(IF(AL65<0,AL65*Early,AL65*Late))+ABS(IF(AM65<0,AM65*Early,AM65*Late)))/3 -> 8 | AQ65: =Y65*Delay+AN65 -> 9 | AR65: =Z65*Delay+AO65 -> 9 | AS65: =AA65*Delay+AP65 -> 9 | AT65: =VLOOKUP(A65,SortA!$A$1:$AT$65,46,FALSE()) -> 0 | AU65: =VLOOKUP(A65,SortB!$A$1:$AT$65,46,FALSE()) -> 0 | AV65: =VLOOKUP(A65,SortC!$A$1:$AT$65,46,FALSE()) -> 0 | AW65: =IF(SUM(AT65:AV65)=3,1,0) -> 0 | AX65: =B65&C65&D65 -> LLL | AY65: =AQ65+AR65+AS65 -> 27 | AZ65: =RIGHT(AX65,2) -> LL | BA65: =LEFT(AX65,1)&RIGHT(AX65,1) -> LL | BB65: =LEFT(AX65,2) -> LL | BC65: =VLOOKUP(AZ65,TwoPlayers!$AG$1:$AH$17,2,FALSE()) -> 13 | BD65: =VLOOKUP(BA65,TwoPlayers!$AG$1:$AH$17,2,FALSE()) -> 13 | BE65: =VLOOKUP(BB65,TwoPlayers!$AG$1:$AH$17,2,FALSE()) -> 13 | BF65: =$AY65-BC65 -> 14 | BG65: =$AY65-BD65 -> 14 | BH65: =$AY65-BE65 -> 14 | BI65: =AX65 -> LLL | BJ65: =VLOOKUP(A65,SortA!$A$1:$BM$65,65,FALSE()) -> 0 | BK65: =VLOOKUP(A65,SortB!$A$1:$BM$65,65,FALSE()) -> 0 | BL65: =VLOOKUP(A65,SortC!$A$1:$BM$65,65,FALSE()) -> 0 | BM65: =IF(SUM(BJ65:BL65)=3,1,0) -> 0
AN66: =(ABS(IF(AE66<0,AE66*Early,AE66*Late))+ABS(IF(AF66<0,AF66*Early,AF66*Late))+ABS(IF(AG66<0,AG66*Early,AG66*Late)))/3 -> 0 | AO66: =(ABS(IF(AH66<0,AH66*Early,AH66*Late))+ABS(IF(AI66<0,AI66*Early,AI66*Late))+ABS(IF(AJ66<0,AJ66*Early,AJ66*Late)))/3 -> 0 | AP66: =(ABS(IF(AK66<0,AK66*Early,AK66*Late))+ABS(IF(AL66<0,AL66*Early,AL66*Late))+ABS(IF(AM66<0,AM66*Early,AM66*Late)))/3 -> 0
AW67: =SUM(AW2:AW65) -> 1 | AY67: =MIN(AY2:AY65) -> 7 | BM67: =SUM(BM2:BM65) -> 3

Sheet SortA
A1: Game ID | B1: Vehicle A | C1: Vehicle B | D1: Vehicle C | E1: V | F1: E | G1: O | H1: L | I1: AV | J1: AE | K1: AO | L1: AL | M1: BV | N1: BE | O1: BO | P1: BL | Q1: CV | R1: CE | S1: CO | T1: CL | U1: QLV | V1: QLE | W1: QLO | X1: QLL | Y1: E(Delay A) | Z1: E(Delay B) | AA1: E(Delay C) | AB1: E(ArrivalTimeA) | AC1: E(ArrivalTimeB) | AD1: E(ArrivalTimeC) | AE1: ArrA1 | AF1: ArrA2 | AG1: ArrA3 | AH1: ArrB1 | AI1: ArrB2 | AJ1: ArrB3 | AK1: ArrC1 | AL1: ArrC2 | AM1: ArrC3 | AN1: E(SD A) | AO1: E(SD B) | AP1: E(SD C) | AQ1: Price A | AR1: Price B | AS1: Price C | AT1: Nash A | AX1: ARRIVAL | AY1: TC | AZ1: No(A) | BA1: No(B) | BB1: NO© | BC1: 2-Player(NoA) | BD1: 2-Player(NoB) | BE1: 2-Player(NoC) | BF1: MC(A) | BG1: MC(B) | BH1: MC© | BJ1: Price A | BK1: Price B | BL1: Price C | BM1: Nash A
A2: 6 | B2: V | C2: E | D2: E | E2: =(IF($B2="V",1,0))+IF($C2="V",1,0)+IF($D2="V",1,0) -> 1 | F2: =(IF($B2="E",1,0))+IF($C2="E",1,0)+IF($D2="E",1,0) -> 2 | G2: =(IF($B2="O",1,0))+IF($C2="O",1,0)+IF($D2="O",1,0) -> 0 | H2: =(IF($B2="L",1,0))+IF($C2="L",1,0)+IF($D2="L",1,0) -> 0 | I2: =(IF(B2="V",1,0)) -> 1 | J2: =(IF(B2="E",1,0)) -> 0 | K2: =(IF(B2="O",1,0)) -> 0 | L2: =(IF(B2="L",1,0)) -> 0 | M2: =(IF(C2="V",1,0)) -> 0 | N2: =(IF(C2="E",1,0)) -> 1 | O2: =(IF(C2="O",1,0)) -> 0 | P2: =(IF(C2="L",1,0)) -> 0 | Q2: =(IF(D2="V",1,0)) -> 0 | R2: =(IF(D2="E",1,0)) -> 1 | S2: =(IF(D2="O",1,0)) -> 0 | T2: =(IF(D2="L",1,0)) -> 0 | U2: =MAX(E2-1,0) -> 0 | V2: =MAX(U2-1+F2,0) -> 1 | W2: =MAX(V2-1+G2,0) -> 0 | X2: =MAX(W2-1+H2,0) -> 0 | Y2: =0.5*(E2*I2+F2*J2+G2*K2+H2*L2-1)+(0+$U2*J2+$V2*K2+$W2*L2) -> 0 | Z2: =0.5*(E2*M2+F2*N2+G2*O2+H2*P2-1)+(0+$U2*N2+$V2*O2+$W2*P2) -> 0.5 | AA2: =0.5*(E2*Q2+F2*R2+G2*S2+H2*T2-1)+(0+$U2*R2+$V2*S2+$W2*T2) -> 0.5 | AB2: =IF(B2="V",-2,0)+IF(B2="E",-1,0)+IF(B2="O",0,0)+IF(B2="L",1,0)+Y2 -> -2 | AC2: =IF(C2="V",-2,0)+IF(C2="E",-1,0)+IF(C2="O",0,0)+IF(C2="L",1,0)+Z2 -> -0.5 | AD2: =IF(D2="V",-2,0)+IF(D2="E",-1,0)+IF(D2="O",0,0)+IF(D2="L",1,0)+AA2 -> -0.5 | AE2: =IF(B2="V",-2,0)+IF(B2="E",-1,0)+IF(B2="O",0,0)+IF(B2="L",1,0) -> -2 | AF2: =IF(B2="V",-2,0)+IF(B2="E",-1,0)+IF(B2="O",0,0)+IF(B2="L",1,0)+Y2 -> -2 | AG2: =IF(B2="V",-2,0)+IF(B2="E",-1,0)+IF(B2="O",0,0)+IF(B2="L",1,0)+Y2*2 -> -2 | AH2: =IF(C2="V",-2,0)+IF(C2="E",-1,0)+IF(C2="O",0,0)+IF(C2="L",1,0) -> -1 | AI2: =IF(C2="V",-2,0)+IF(C2="E",-1,0)+IF(C2="O",0,0)+IF(C2="L",1,0)+Z2 -> -0.5 | AJ2: =IF(C2="V",-2,0)+IF(C2="E",-1,0)+IF(C2="O",0,0)+IF(C2="L",1,0)+Z2*2 -> 0 | AK2: =IF(D2="V",-2,0)+IF(D2="E",-1,0)+IF(D2="O",0,0)+IF(D2="L",1,0) -> -1 | AL2: =IF(D2="V",-2,0)+IF(D2="E",-1,0)+IF(D2="O",0,0)+IF(D2="L",1,0)+AA2 -> -0.5 | AM2: =IF(D2="V",-2,0)+IF(D2="E",-1,0)+IF(D2="O",0,0)+IF(D2="L",1,0)+AA2*2 -> 0 | AN2: =(ABS(IF(AE2<0,AE2*Early,AE2*Late))+ABS(IF(AF2<0,AF2*Early,AF2*Late))+ABS(IF(AG2<0,AG2*Early,AG2*Late)))/3 -> 6 | AO2: =(ABS(IF(AH2<0,AH2*Early,AH2*Late))+ABS(IF(AI2<0,AI2*Early,AI2*Late))+ABS(IF(AJ2<0,AJ2*Early,AJ2*Late)))/3 -> 1.5 | AP2: =(ABS(IF(AK2<0,AK2*Early,AK2*Late))+ABS(IF(AL2<0,AL2*Early,AL2*Late))+ABS(IF(AM2<0,AM2*Early,AM2*Late)))/3 -> 1.5 | AQ2: =Y2*Delay+AN2 -> 6 | AR2: =Z2*Delay+AO2 -> 2 | AS2: =AA2*Delay+AP2 -> 2 | AT2: =IF(AQ2=MIN(AQ2:AQ5),1,0) -> 0 | AX2: =B2&C2&D2 -> VEE | AY2: =AQ2+AR2+AS2 -> 10 | AZ2: =RIGHT(AX2,2) -> EE | BA2: =LEFT(AX2,1)&RIGHT(AX2,1) -> VE | BB2: =LEFT(AX2,2) -> VE | BC2: =VLOOKUP(AZ2,TwoPlayers!$AG$1:$AH$17,2,FALSE()) -> 4 | BD2: =VLOOKUP(BA2,TwoPlayers!$AG$1:$AH$17,2,FALSE()) -> 9 | BE2: =VLOOKUP(BB2,TwoPlayers!$AG$1:$AH$17,2,FALSE()) -> 9 | BF2: =$AY2-BC2 -> 6 | BG2: =$AY2-BD2 -> 1 | BH2: =$AY2-BE2 -> 1 | BJ2: =AQ2+BF2 -> 12 | BK2: =AR2+BG2 -> 3 | BL2: =AS2+BH2 -> 3 | BM2: =IF(BJ2=MIN(BJ2:BJ6),1,0) -> 0
A3: 22 | B3: E | C3: E | D3: E | E3: =(IF($B3="V",1,0))+IF($C3="V",1,0)+IF($D3="V",1,0) -> 0 | F3: =(IF($B3="E",1,0))+IF($C3="E",1,0)+IF($D3="E",1,0) -> 3 | G3: =(IF($B3="O",1,0))+IF($C3="O",1,0)+IF($D3="O",1,0) -> 0 | H3: =(IF($B3="L",1,0))+IF($C3="L",1,0)+IF($D3="L",1,0) -> 0 | I3: =(IF(B3="V",1,0)) -> 0 | J3: =(IF(B3="E",1,0)) -> 1 | K3: =(IF(B3="O",1,0)) -> 0 | L3: =(IF(B3="L",1,0)) -> 0 | M3: =(IF(C3="V",1,0)) -> 0 | N3: =(IF(C3="E",1,0)) -> 1 | O3: =(IF(C3="O",1,0)) -> 0 | P3: =(IF(C3="L",1,0)) -> 0 | Q3: =(IF(D3="V",1,0)) -> 0 | R3: =(IF(D3="E",1,0)) -> 1 | S3: =(IF(D3="O",1,0)) -> 0 | T3: =(IF(D3="L",1,0)) -> 0 | U3: =MAX(E3-1,0) -> 0 | V3: =MAX(U3-1+F3,0) -> 2 | W3: =MAX(V3-1+G3,0) -> 1 | X3: =MAX(W3-1+H3,0) -> 0 | Y3: =0.5*(E3*I3+F3*J3+G3*K3+H3*L3-1)+(0+$U3*J3+$V3*K3+$W3*L3) -> 1 | Z3: =0.5*(E3*M3+F3*N3+G3*O3+H3*P3-1)+(0+$U3*N3+$V3*O3+$W3*P3) -> 1 | AA3: =0.5*(E3*Q3+F3*R3+G3*S3+H3*T3-1)+(0+$U3*R3+$V3*S3+$W3*T3) -> 1 | AB3: =IF(B3="V",-2,0)+IF(B3="E",-1,0)+IF(B3="O",0,0)+IF(B3="L",1,0)+Y3 -> 0 | AC3: =IF(C3="V",-2,0)+IF(C3="E",-1,0)+IF(C3="O",0,0)+IF(C3="L",1,0)+Z3 -> 0 | AD3: =IF(D3="V",-2,0)+IF(D3="E",-1,0)+IF(D3="O",0,0)+IF(D3="L",1,0)+AA3 -> 0 | AE3: =IF(B3="V",-2,0)+IF(B3="E",-1,0)+IF(B3="O",0,0)+IF(B3="L",1,0) -> -1 | AF3: =IF(B3="V",-2,0)+IF(B3="E",-1,0)+IF(B3="O",0,0)+IF(B3="L",1,0)+Y3 -> 0 | AG3: =IF(B3="V",-2,0)+IF(B3="E",-1,0)+IF(B3="O",0,0)+IF(B3="L",1,0)+Y3*2 -> 1 | AH3: =IF(C3="V",-2,0)+IF(C3="E",-1,0)+IF(C3="O",0,0)+IF(C3="L",1,0) -> -1 | AI3: =IF(C3="V",-2,0)+IF(C3="E",-1,0)+IF(C3="O",0,0)+IF(C3="L",1,0)+Z3 -> 0 | AJ3: =IF(C3="V",-2,0)+IF(C3="E",-1,0)+IF(C3="O",0,0)+IF(C3="L",1,0)+Z3*2 -> 1 | AK3: =IF(D3="V",-2,0)+IF(D3="E",-1,0)+IF(D3="O",0,0)+IF(D3="L",1,0) -> -1 | AL3: =IF(D3="V",-2,0)+IF(D3="E",-1,0)+IF(D3="O",0,0)+IF(D3="L",1,0)+AA3 -> 0 | AM3: =IF(D3="V",-2,0)+IF(D3="E",-1,0)+IF(D3="O",0,0)+IF(D3="L",1,0)+AA3*2 -> 1 | AN3: =(ABS(IF(AE3<0,AE3*Early,AE3*Late))+ABS(IF(AF3<0,AF3*Early,AF3*Late))+ABS(IF(AG3<0,AG3*Early,AG3*Late)))/3 -> 2.3333333 | AO3: =(ABS(IF(AH3<0,AH3*Early,AH3*Late))+ABS(IF(AI3<0,AI3*Early,AI3*Late))+ABS(IF(AJ3<0,AJ3*Early,AJ3*Late)))/3 -> 2.3333333 | AP3: =(ABS(IF(AK3<0,AK3*Early,AK3*Late))+ABS(IF(AL3<0,AL3*Early,AL3*Late))+ABS(IF(AM3<0,AM3*Early,AM3*Late)))/3 -> 2.3333333 | AQ3: =Y3*Delay+AN3 -> 3.3333333 | AR3: =Z3*Delay+AO3 -> 3.3333333 | AS3: =AA3*Delay+AP3 -> 3.3333333 | AT3: =IF(AQ3=MIN(AQ2:AQ5),1,0) -> 1 | AX3: =B3&C3&D3 -> EEE | AY3: =AQ3+AR3+AS3 -> 10 | AZ3: =RIGHT(AX3,2) -> EE | BA3: =LEFT(AX3,1)&RIGHT(AX3,1) -> EE | BB3: =LEFT(AX3,2) -> EE | BC3: =VLOOKUP(AZ3,TwoPlayers!$AG$1:$AH$17,2,FALSE()) -> 4 | BD3: =VLOOKUP(BA3,TwoPlayers!$AG$1:$AH$17,2,FALSE()) -> 4 | BE3: =VLOOKUP(BB3,TwoPlayers!$AG$1:$AH$17,2,FALSE()) -> 4 | BF3: =$AY3-BC3 -> 6 | BG3: =$AY3-BD3 -> 6 | BH3: =$AY3-BE3 -> 6 | BJ3: =AQ3+BF3 -> 9.3333333 | BK3: =AR3+BG3 -> 9.3333333 | BL3: =AS3+BH3 -> 9.3333333 | BM3: =IF(BJ3=MIN(BJ2:BJ6),1,0) -> 0
A4: 38 | B4: O | C4: E | D4: E | E4: =(IF($B4="V",1,0))+IF($C4="V",1,0)+IF($D4="V",1,0) -> 0 | F4: =(IF($B4="E",1,0))+IF($C4="E",1,0)+IF($D4="E",1,0) -> 2 | G4: =(IF($B4="O",1,0))+IF($C4="O",1,0)+IF($D4="O",1,0) -> 1 | H4: =(IF($B4="L",1,0))+IF($C4="L",1,0)+IF($D4="L",1,0) -> 0 | I4: =(IF(B4="V",1,0)) -> 0 | J4: =(IF(B4="E",1,0)) -> 0 | K4: =(IF(B4="O",1,0)) -> 1 | L4: =(IF(B4="L",1,0)) -> 0 | M4: =(IF(C4="V",1,0)) -> 0 | N4: =(IF(C4="E",1,0)) -> 1 | O4: =(IF(C4="O",1,0)) -> 0 | P4: =(IF(C4="L",1,0)) -> 0 | Q4: =(IF(D4="V",1,0)) -> 0 | R4: =(IF(D4="E",1,0)) -> 1 | S4: =(IF(D4="O",1,0)) -> 0 | T4: =(IF(D4="L",1,0)) -> 0 | U4: =MAX(E4-1,0) -> 0 | V4: =MAX(U4-1+F4,0) -> 1 | W4: =MAX(V4-1+G4,0) -> 1 | X4: =MAX(W4-1+H4,0) -> 0 | Y4: =0.5*(E4*I4+F4*J4+G4*K4+H4*L4-1)+(0+$U4*J4+$V4*K4+$W4*L4) -> 1 | Z4: =0.5*(E4*M4+F4*N4+G4*O4+H4*P4-1)+(0+$U4*N4+$V4*O4+$W4*P4) -> 0.5 | AA4: =0.5*(E4*Q4+F4*R4+G4*S4+H4*T4-1)+(0+$U4*R4+$V4*S4+$W4*T4) -> 0.5 | AB4: =IF(B4="V",-2,0)+IF(B4="E",-1,0)+IF(B4="O",0,0)+IF(B4="L",1,0)+Y4 -> 1 | AC4: =IF(C4="V",-2,0)+IF(C4="E",-1,0)+IF(C4="O",0,0)+IF(C4="L",1,0)+Z4 -> -0.5 | AD4: =IF(D4="V",-2,0)+IF(D4="E",-1,0)+IF(D4="O",0,0)+IF(D4="L",1,0)+AA4 -> -0.5 | AE4: =IF(B4="V",-2,0)+IF(B4="E",-1,0)+IF(B4="O",0,0)+IF(B4="L",1,0) -> 0 | AF4: =IF(B4="V",-2,0)+IF(B4="E",-1,0)+IF(B4="O",0,0)+IF(B4="L",1,0)+Y4 -> 1 | AG4: =IF(B4="V",-2,0)+IF(B4="E",-1,0)+IF(B4="O",0,0)+IF(B4="L",1,0)+Y4*2 -> 2 | AH4: =IF(C4="V",-2,0)+IF(C4="E",-1,0)+IF(C4="O",0,0)+IF(C4="L",1,0) -> -1 | AI4: =IF(C4="V",-2,0)+IF(C4="E",-1,0)+IF(C4="O",0,0)+IF(C4="L",1,0)+Z4 -> -0.5 | AJ4: =IF(C4="V",-2,0)+IF(C4="E",-1,0)+IF(C4="O",0,0)+IF(C4="L",1,0)+Z4*2 -> 0 | AK4: =IF(D4="V",-2,0)+IF(D4="E",-1,0)+IF(D4="O",0,0)+IF(D4="L",1,0) -> -1 | AL4: =IF(D4="V",-2,0)+IF(D4="E",-1,0)+IF(D4="O",0,0)+IF(D4="L",1,0)+AA4 -> -0.5 | AM4: =IF(D4="V",-2,0)+IF(D4="E",-1,0)+IF(D4="O",0,0)+IF(D4="L",1,0)+AA4*2 -> 0 | AN4: =(ABS(IF(AE4<0,AE4*Early,AE4*Late))+ABS(IF(AF4<0,AF4*Early,AF4*Late))+ABS(IF(AG4<0,AG4*Early,AG4*Late)))/3 -> 4 | AO4: =(ABS(IF(AH4<0,AH4*Early,AH4*Late))+ABS(IF(AI4<0,AI4*Early,AI4*Late))+ABS(IF(AJ4<0,AJ4*Early,AJ4*Late)))/3 -> 1.5 | AP4: =(ABS(IF(AK4<0,AK4*Early,AK4*Late))+ABS(IF(AL4<0,AL4*Early,AL4*Late))+ABS(IF(AM4<0,AM4*Early,AM4*Late)))/3 -> 1.5 | AQ4: =Y4*Delay+AN4 -> 5 | AR4: =Z4*Delay+AO4 -> 2 | AS4: =AA4*Delay+AP4 -> 2 | AT4: =IF(AQ4=MIN(AQ2:AQ5),1,0) -> 0 | AX4: =B4&C4&D4 -> OEE | AY4: =AQ4+AR4+AS4 -> 9 | AZ4: =RIGHT(AX4,2) -> EE | BA4: =LEFT(AX4,1)&RIGHT(AX4,1) -> OE | BB4: =LEFT(AX4,2) -> OE | BC4: =VLOOKUP(AZ4,TwoPlayers!$AG$1:$AH$17,2,FALSE()) -> 4 | BD4: =VLOOKUP(BA4,TwoPlayers!$AG$1:$AH$17,2,FALSE()) -> 3 | BE4: =VLOOKUP(BB4,TwoPlayers!$AG$1:$AH$17,2,FALSE()) -> 3 | BF4: =$AY4-BC4 -> 5 | BG4: =$AY4-BD4 -> 6 | BH4: =$AY4-BE4 -> 6 | BJ4: =AQ4+BF4 -> 10 | BK4: =AR4+BG4 -> 8 | BL4: =AS4+BH4 -> 8 | BM4: =IF(BJ4=MIN(BJ2:BJ6),1,0) -> 0
A5: 54 | B5: L | C5: E | D5: E | E5: =(IF($B5="V",1,0))+IF($C5="V",1,0)+IF($D5="V",1,0) -> 0 | F5: =(IF($B5="E",1,0))+IF($C5="E",1,0)+IF($D5="E",1,0) -> 2 | G5: =(IF($B5="O",1,0))+IF($C5="O",1,0)+IF($D5="O",1,0) -> 0 | H5: =(IF($B5="L",1,0))+IF($C5="L",1,0)+IF($D5="L",1,0) -> 1 | I5: =(IF(B5="V",1,0)) -> 0 | J5: =(IF(B5="E",1,0)) -> 0 | K5: =(IF(B5="O",1,0)) -> 0 | L5: =(IF(B5="L",1,0)) -> 1 | M5: =(IF(C5="V",1,0)) -> 0 | N5: =(IF(C5="E",1,0)) -> 1 | O5: =(IF(C5="O",1,0)) -> 0 | P5: =(IF(C5="L",1,0)) -> 0 | Q5: =(IF(D5="V",1,0)) -> 0 | R5: =(IF(D5="E",1,0)) -> 1 | S5: =(IF(D5="O",1,0)) -> 0 | T5: =(IF(D5="L",1,0)) -> 0 | U5: =MAX(E5-1,0) -> 0 | V5: =MAX(U5-1+F5,0) -> 1 | W5: =MAX(V5-1+G5,0) -> 0 | X5: =MAX(W5-1+H5,0) -> 0 | Y5: =0.5*(E5*I5+F5*J5+G5*K5+H5*L5-1)+(0+$U5*J5+$V5*K5+$W5*L5) -> 0 | Z5: =0.5*(E5*M5+F5*N5+G5*O5+H5*P5-1)+(0+$U5*N5+$V5*O5+$W5*P5) -> 0.5 | AA5: =0.5*(E5*Q5+F5*R5+G5*S5+H5*T5-1)+(0+$U5*R5+$V5*S5+$W5*T5) -> 0.5 | AB5: =IF(B5="V",-2,0)+IF(B5="E",-1,0)+IF(B5="O",0,0)+IF(B5="L",1,0)+Y5 -> 1 | AC5: =IF(C5="V",-2,0)+IF(C5="E",-1,0)+IF(C5="O",0,0)+IF(C5="L",1,0)+Z5 -> -0.5 | AD5: =IF(D5="V",-2,0)+IF(D5="E",-1,0)+IF(D5="O",0,0)+IF(D5="L",1,0)+AA5 -> -0.5 | AE5: =IF(B5="V",-2,0)+IF(B5="E",-1,0)+IF(B5="O",0,0)+IF(B5="L",1,0) -> 1 | AF5: =IF(B5="V",-2,0)+IF(B5="E",-1,0)+IF(B5="O",0,0)+IF(B5="L",1,0)+Y5 -> 1 | AG5: =IF(B5="V",-2,0)+IF(B5="E",-1,0)+IF(B5="O",0,0)+IF(B5="L",1,0)+Y5*2 -> 1 | AH5: =IF(C5="V",-2,0)+IF(C5="E",-1,0)+IF(C5="O",0,0)+IF(C5="L",1,0) -> -1 | AI5: =IF(C5="V",-2,0)+IF(C5="E",-1,0)+IF(C5="O",0,0)+IF(C5="L",1,0)+Z5 -> -0.5 | AJ5: =IF(C5="V",-2,0)+IF(C5="E",-1,0)+IF(C5="O",0,0)+IF(C5="L",1,0)+Z5*2 -> 0 | AK5: =IF(D5="V",-2,0)+IF(D5="E",-1,0)+IF(D5="O",0,0)+IF(D5="L",1,0) -> -1 | AL5: =IF(D5="V",-2,0)+IF(D5="E",-1,0)+IF(D5="O",0,0)+IF(D5="L",1,0)+AA5 -> -0.5 | AM5: =IF(D5="V",-2,0)+IF(D5="E",-1,0)+IF(D5="O",0,0)+IF(D5="L",1,0)+AA5*2 -> 0 | AN5: =(ABS(IF(AE5<0,AE5*Early,AE5*Late))+ABS(IF(AF5<0,AF5*Early,AF5*Late))+ABS(IF(AG5<0,AG5*Early,AG5*Late)))/3 -> 4 | AO5: =(ABS(IF(AH5<0,AH5*Early,AH5*Late))+ABS(IF(AI5<0,AI5*Early,AI5*Late))+ABS(IF(AJ5<0,AJ5*Early,AJ5*Late)))/3 -> 1.5 | AP5: =(ABS(IF(AK5<0,AK5*Early,AK5*Late))+ABS(IF(AL5<0,AL5*Early,AL5*Late))+ABS(IF(AM5<0,AM5*Early,AM5*Late)))/3 -> 1.5 | AQ5: =Y5*Delay+AN5 -> 4 | AR5: =Z5*Delay+AO5 -> 2 | AS5: =AA5*Delay+AP5 -> 2 | AT5: =IF(AQ5=MIN(AQ2:AQ5),1,0) -> 0 | AX5: =B5&C5&D5 -> LEE | AY5: =AQ5+AR5+AS5 -> 8 | AZ5: =RIGHT(AX5,2) -> EE | BA5: =LEFT(AX5,1)&RIGHT(AX5,1) -> LE | BB5: =LEFT(AX5,2) -> LE | BC5: =VLOOKUP(AZ5,TwoPlayers!$AG$1:$AH$17,2,FALSE()) -> 4 | BD5: =VLOOKUP(BA5,TwoPlayers!$AG$1:$AH$17,2,FALSE()) -> 7 | BE5: =VLOOKUP(BB5,TwoPlayers!$AG$1:$AH$17,2,FALSE()) -> 7 | BF5: =$AY5-BC5 -> 4 | BG5: =$AY5-BD5 -> 1 | BH5: =$AY5-BE5 -> 1 | BJ5: =AQ5+BF5 -> 8 | BK5: =AR5+BG5 -> 3 | BL5: =AS5+BH5 -> 3 | BM5: =IF(BJ5=MIN(BJ2:BJ6),1,0) -> 1
A6: 8 | B6: V | C6: E | D6: L | E6: =(IF($B6="V",1,0))+IF($C6="V",1,0)+IF($D6="V",1,0) -> 1 | F6: =(IF($B6="E",1,0))+IF($C6="E",1,0)+IF($D6="E",1,0) -> 1 | G6: =(IF($B6="O",1,0))+IF($C6="O",1,0)+IF($D6="O",1,0) -> 0 | H6: =(IF($B6="L",1,0))+IF($C6="L",1,0)+IF($D6="L",1,0) -> 1 | I6: =(IF(B6="V",1,0)) -> 1 | J6: =(IF(B6="E",1,0)) -> 0 | K6: =(IF(B6="O",1,0)) -> 0 | L6: =(IF(B6="L",1,0)) -> 0 | M6: =(IF(C6="V",1,0)) -> 0 | N6: =(IF(C6="E",1,0)) -> 1 | O6: =(IF(C6="O",1,0)) -> 0 | P6: =(IF(C6="L",1,0)) -> 0 | Q6: =(IF(D6="V",1,0)) -> 0 | R6: =(IF(D6="E",1,0)) -> 0 | S6: =(IF(D6="O",1,0)) -> 0 | T6: =(IF(D6="L",1,0)) -> 1 | U6: =MAX(E6-1,0) -> 0 | V6: =MAX(U6-1+F6,0) -> 0 | W6: =MAX(V6-1+G6,0) -> 0 | X6: =MAX(W6-1+H6,0) -> 0 | Y6: =0.5*(E6*I6+F6*J6+G6*K6+H6*L6-1)+(0+$U6*J6+$V6*K6+$W6*L6) -> 0 | Z6: =0.5*(E6*M6+F6*N6+G6*O6+H6*P6-1)+(0+$U6*N6+$V6*O6+$W6*P6) -> 0 | AA6: =0.5*(E6*Q6+F6*R6+G6*S6+H6*T6-1)+(0+$U6*R6+$V6*S6+$W6*T6) -> 0 | AB6: =IF(B6="V",-2,0)+IF(B6="E",-1,0)+IF(B6="O",0,0)+IF(B6="L",1,0)+Y6 -> -2 | AC6: =IF(C6="V",-2,0)+IF(C6="E",-1,0)+IF(C6="O",0,0)+IF(C6="L",1,0)+Z6 -> -1 | AD6: =IF(D6="V",-2,0)+IF(D6="E",-1,0)+IF(D6="O",0,0)+IF(D6="L",1,0)+AA6 -> 1 | AE6: =IF(B6="V",-2,0)+IF(B6="E",-1,0)+IF(B6="O",0,0)+IF(B6="L",1,0) -> -2 | AF6: =IF(B6="V",-2,0)+IF(B6="E",-1,0)+IF(B6="O",0,0)+IF(B6="L",1,0)+Y6 -> -2 | AG6: =IF(B6="V",-2,0)+IF(B6="E",-1,0)+IF(B6="O",0,0)+IF(B6="L",1,0)+Y6*2 -> -2 | AH6: =IF(C6="V",-2,0)+IF(C6="E",-1,0)+IF(C6="O",0,0)+IF(C6="L",1,0) -> -1 | AI6: =IF(C6="V",-2,0)+IF(C6="E",-1,0)+IF(C6="O",0,0)+IF(C6="L",1,0)+Z6 -> -1 | AJ6: =IF(C6="V",-2,0)+IF(C6="E",-1,0)+IF(C6="O",0,0)+IF(C6="L",1,0)+Z6*2 -> -1 | AK6: =IF(D6="V",-2,0)+IF(D6="E",-1,0)+IF(D6="O",0,0)+IF(D6="L",1,0) -> 1 | AL6: =IF(D6="V",-2,0)+IF(D6="E",-1,0)+IF(D6="O",0,0)+IF(D6="L",1,0)+AA6 -> 1 | AM6: =IF(D6="V",-2,0)+IF(D6="E",-1,0)+IF(D6="O",0,0)+IF(D6="L",1,0)+AA6*2 -> 1 | AN6: =(ABS(IF(AE6<0,AE6*Early,AE6*Late))+ABS(IF(AF6<0,AF6*Early,AF6*Late))+ABS(IF(AG6<0,AG6*Early,AG6*Late)))/3 -> 6 | AO6: =(ABS(IF(AH6<0,AH6*Early,AH6*Late))+ABS(IF(AI6<0,AI6*Early,AI6*Late))+ABS(IF(AJ6<0,AJ6*Early,AJ6*Late)))/3 -> 3 | AP6: =(ABS(IF(AK6<0,AK6*Early,AK6*Late))+ABS(IF(AL6<0,AL6*Early,AL6*Late))+ABS(IF(AM6<0,AM6*Early,AM6*Late)))/3 -> 4 | AQ6: =Y6*Delay+AN6 -> 6 | AR6: =Z6*Delay+AO6 -> 3 | AS6: =AA6*Delay+AP6 -> 4 | AT6: =IF(AQ6=MIN(AQ6:AQ9),1,0) -> 0 | AX6: =B6&C6&D6 -> VEL | AY6: =AQ6+AR6+AS6 -> 13 | AZ6: =RIGHT(AX6,2) -> EL | BA6: =LEFT(AX6,1)&RIGHT(AX6,1) -> VL | BB6: =LEFT(AX6,2) -> VE | BC6: =VLOOKUP(AZ6,TwoPlayers!$AG$1:$AH$17,2,FALSE()) -> 7 | BD6: =VLOOKUP(BA6,TwoPlayers!$AG$1:$AH$17,2,FALSE()) -> 10 | BE6: =VLOOKUP(BB6,TwoPlayers!$AG$1:$AH$17,2,FALSE()) -> 9 | BF6: =$AY6-BC6 -> 6 | BG6: =$AY6-BD6 -> 3 | BH6: =$AY6-BE6 -> 4 | BJ6: =AQ6+BF6 -> 12 | BK6: =AR6+BG6 -> 6 | BL6: =AS6+BH6 -> 8 | BM6: =IF(BJ6=MIN(BJ6:BJ10),1,0) -> 0
A7: 24 | B7: E | C7: E | D7: L | E7: =(IF($B7="V",1,0))+IF($C7="V",1,0)+IF($D7="V",1,0) -> 0 | F7: =(IF($B7="E",1,0))+IF($C7="E",1,0)+IF($D7="E",1,0) -> 2 | G7: =(IF($B7="O",1,0))+IF($C7="O",1,0)+IF($D7="O",1,0) -> 0 | H7: =(IF($B7="L",1,0))+IF($C7="L",1,0)+IF($D7="L",1,0) -> 1 | I7: =(IF(B7="V",1,0)) -> 0 | J7: =(IF(B7="E",1,0)) -> 1 | K7: =(IF(B7="O",1,0)) -> 0 | L7: =(IF(B7="L",1,0)) -> 0 | M7: =(IF(C7="V",1,0)) -> 0 | N7: =(IF(C7="E",1,0)) -> 1 | O7: =(IF(C7="O",1,0)) -> 0 | P7: =(IF(C7="L",1,0)) -> 0 | Q7: =(IF(D7="V",1,0)) -> 0 | R7: =(IF(D7="E",1,0)) -> 0 | S7: =(IF(D7="O",1,0)) -> 0 | T7: =(IF(D7="L",1,0)) -> 1 | U7: =MAX(E7-1,0) -> 0 | V7: =MAX(U7-1+F7,0) -> 1 | W7: =MAX(V7-1+G7,0) -> 0 | X7: =MAX(W7-1+H7,0) -> 0 | Y7: =0.5*(E7*I7+F7*J7+G7*K7+H7*L7-1)+(0+$U7*J7+$V7*K7+$W7*L7) -> 0.5 | Z7: =0.5*(E7*M7+F7*N7+G7*O7+H7*P7-1)+(0+$U7*N7+$V7*O7+$W7*P7) -> 0.5 | AA7: =0.5*(E7*Q7+F7*R7+G7*S7+H7*T7-1)+(0+$U7*R7+$V7*S7+$W7*T7) -> 0 | AB7: =IF(B7="V",-2,0)+IF(B7="E",-1,0)+IF(B7="O",0,0)+IF(B7="L",1,0)+Y7 -> -0.5 | AC7: =IF(C7="V",-2,0)+IF(C7="E",-1,0)+IF(C7="O",0,0)+IF(C7="L",1,0)+Z7 -> -0.5 | AD7: =IF(D7="V",-2,0)+IF(D7="E",-1,0)+IF(D7="O",0,0)+IF(D7="L",1,0)+AA7 -> 1 | AE7: =IF(B7="V",-2,0)+IF(B7="E",-1,0)+IF(B7="O",0,0)+IF(B7="L",1,0) -> -1 | AF7: =IF(B7="V",-2,0)+IF(B7="E",-1,0)+IF(B7="O",0,0)+IF(B7="L",1,0)+Y7 -> -0.5 | AG7: =IF(B7="V",-2,0)+IF(B7="E",-1,0)+IF(B7="O",0,0)+IF(B7="L",1,0)+Y7*2 -> 0 | AH7: =IF(C7="V",-2,0)+IF(C7="E",-1,0)+IF(C7="O",0,0)+IF(C7="L",1,0) -> -1 | AI7: =IF(C7="V",-2,0)+IF(C7="E",-1,0)+IF(C7="O",0,0)+IF(C7="L",1,0)+Z7 -> -0.5 | AJ7: =IF(C7="V",-2,0)+IF(C7="E",-1,0)+IF(C7="O",0,0)+IF(C7="L",1,0)+Z7*2 -> 0 | AK7: =IF(D7="V",-2,0)+IF(D7="E",-1,0)+IF(D7="O",0,0)+IF(D7="L",1,0) -> 1 | AL7: =IF(D7="V",-2,0)+IF(D7="E",-1,0)+IF(D7="O",0,0)+IF(D7="L",1,0)+AA7 -> 1 | AM7: =IF(D7="V",-2,0)+IF(D7="E",-1,0)+IF(D7="O",0,0)+IF(D7="L",1,0)+AA7*2 -> 1 | AN7: =(ABS(IF(AE7<0,AE7*Early,AE7*Late))+ABS(IF(AF7<0,AF7*Early,AF7*Late))+ABS(IF(AG7<0,AG7*Early,AG7*Late)))/3 -> 1.5 | AO7: =(ABS(IF(AH7<0,AH7*Early,AH7*Late))+ABS(IF(AI7<0,AI7*Early,AI7*Late))+ABS(IF(AJ7<0,AJ7*Early,AJ7*Late)))/3 -> 1.5 | AP7: =(ABS(IF(AK7<0,AK7*Early,AK7*Late))+ABS(IF(AL7<0,AL7*Early,AL7*Late))+ABS(IF(AM7<0,AM7*Early,AM7*Late)))/3 -> 4 | AQ7: =Y7*Delay+AN7 -> 2 | AR7: =Z7*Delay+AO7 -> 2 | AS7: =AA7*Delay+AP7 -> 4 | AT7: =IF(AQ7=MIN(AQ6:AQ9),1,0) -> 0 | AX7: =B7&C7&D7 -> EEL | AY7: =AQ7+AR7+AS7 -> 8 | AZ7: =RIGHT(AX7,2) -> EL | BA7: =LEFT(AX7,1)&RIGHT(AX7,1) -> EL | BB7: =LEFT(AX7,2) -> EE | BC7: =VLOOKUP(AZ7,TwoPlayers!$AG$1:$AH$17,2,FALSE()) -> 7 | BD7: =VLOOKUP(BA7,TwoPlayers!$AG$1:$AH$17,2,FALSE()) -> 7 | BE7: =VLOOKUP(BB7,TwoPlayers!$AG$1:$AH$17,2,FALSE()) -> 4 | BF7: =$AY7-BC7 -> 1 | BG7: =$AY7-BD7 -> 1 | BH7: =$AY7-BE7 -> 4 | BJ7: =AQ7+BF7 -> 3 | BK7: =AR7+BG7 -> 3 | BL7: =AS7+BH7 -> 8 | BM7: =IF(BJ7=MIN(BJ6:BJ10),1,0) -> 0
A8: 40 | B8: O | C8: E | D8: L | E8: =(IF($B8="V",1,0))+IF($C8="V",1,0)+IF($D8="V",1,0) -> 0 | F8: =(IF($B8="E",1,0))+IF($C8="E",1,0)+IF($D8="E",1,0) -> 1 | G8: =(IF($B8="O",1,0))+IF($C8="O",1,0)+IF($D8="O",1,0) -> 1 | H8: =(IF($B8="L",1,0))+IF($C8="L",1,0)+IF($D8="L",1,0) -> 1 | I8: =(IF(B8="V",1,0)) -> 0 | J8: =(IF(B8="E",1,0)) -> 0 | K8: =(IF(B8="O",1,0)) -> 1 | L8: =(IF(B8="L",1,0)) -> 0 | M8: =(IF(C8="V",1,0)) -> 0 | N8: =(IF(C8="E",1,0)) -> 1 | O8: =(IF(C8="O",1,0)) -> 0 | P8: =(IF(C8="L",1,0)) -> 0 | Q8: =(IF(D8="V",1,0)) -> 0 | R8: =(IF(D8="E",1,0)) -> 0 | S8: =(IF(D8="O",1,0)) -> 0 | T8: =(IF(D8="L",1,0)) -> 1 | U8: =MAX(E8-1,0) -> 0 | V8: =MAX(U8-1+F8,0) -> 0 | W8: =MAX(V8-1+G8,0) -> 0 | X8: =MAX(W8-1+H8,0) -> 0 | Y8: =0.5*(E8*I8+F8*J8+G8*K8+H8*L8-1)+(0+$U8*J8+$V8*K8+$W8*L8) -> 0 | Z8: =0.5*(E8*M8+F8*N8+G8*O8+H8*P8-1)+(0+$U8*N8+$V8*O8+$W8*P8) -> 0 | AA8: =0.5*(E8*Q8+F8*R8+G8*S8+H8*T8-1)+(0+$U8*R8+$V8*S8+$W8*T8) -> 0 | AB8: =IF(B8="V",-2,0)+IF(B8="E",-1,0)+IF(B8="O",0,0)+IF(B8="L",1,0)+Y8 -> 0 | AC8: =IF(C8="V",-2,0)+IF(C8="E",-1,0)+IF(C8="O",0,0)+IF(C8="L",1,0)+Z8 -> -1 | AD8: =IF(D8="V",-2,0)+IF(D8="E",-1,0)+IF(D8="O",0,0)+IF(D8="L",1,0)+AA8 -> 1 | AE8: =IF(B8="V",-2,0)+IF(B8="E",-1,0)+IF(B8="O",0,0)+IF(B8="L",1,0) -> 0 | AF8: =IF(B8="V",-2,0)+IF(B8="E",-1,0)+IF(B8="O",0,0)+IF(B8="L",1,0)+Y8 -> 0 | AG8: =IF(B8="V",-2,0)+IF(B8="E",-1,0)+IF(B8="O",0,0)+IF(B8="L",1,0)+Y8*2 -> 0 | AH8: =IF(C8="V",-2,0)+IF(C8="E",-1,0)+IF(C8="O",0,0)+IF(C8="L",1,0) -> -1 | AI8: =IF(C8="V",-2,0)+IF(C8="E",-1,0)+IF(C8="O",0,0)+IF(C8="L",1,0)+Z8 -> -1 | AJ8: =IF(C8="V",-2,0)+IF(C8="E",-1,0)+IF(C8="O",0,0)+IF(C8="L",1,0)+Z8*2 -> -1 | AK8: =IF(D8="V",-2,0)+IF(D8="E",-1,0)+IF(D8="O",0,0)+IF(D8="L",1,0) -> 1 | AL8: =IF(D8="V",-2,0)+IF(D8="E",-1,0)+IF(D8="O",0,0)+IF(D8="L",1,0)+AA8 -> 1 | AM8: =IF(D8="V",-2,0)+IF(D8="E",-1,0)+IF(D8="O",0,0)+IF(D8="L",1,0)+AA8*2 -> 1 | AN8: =(ABS(IF(AE8<0,AE8*Early,AE8*Late))+ABS(IF(AF8<0,AF8*Early,AF8*Late))+ABS(IF(AG8<0,AG8*Early,AG8*Late)))/3 -> 0 | AO8: =(ABS(IF(AH8<0,AH8*Early,AH8*Late))+ABS(IF(AI8<0,AI8*Early,AI8*Late))+ABS(IF(AJ8<0,AJ8*Early,AJ8*Late)))/3 -> 3 | AP8: =(ABS(IF(AK8<0,AK8*Early,AK8*Late))+ABS(IF(AL8<0,AL8*Early,AL8*Late))+ABS(IF(AM8<0,AM8*Early,AM8*Late)))/3 -> 4 | AQ8: =Y8*Delay+AN8 -> 0 | AR8: =Z8*Delay+AO8 -> 3 | AS8: =AA8*Delay+AP8 -> 4 | AT8: =IF(AQ8=MIN(AQ6:AQ9),1,0) -> 1 | AX8: =B8&C8&D8 -> OEL | AY8: =AQ8+AR8+AS8 -> 7 | AZ8: =RIGHT(AX8,2) -> EL | BA8: =LEFT(AX8,1)&RIGHT(AX8,1) -> OL | BB8: =LEFT(AX8,2) -> OE | BC8: =VLOOKUP(AZ8,TwoPlayers!$AG$1:$AH$17,2,FALSE()) -> 7 | BD8: =VLOOKUP(BA8,TwoPlayers!$AG$1:$AH$17,2,FALSE()) -> 4 | BE8: =VLOOKUP(BB8,TwoPlayers!$AG$1:$AH$17,2,FALSE()) -> 3 | BF8: =$AY8-BC8 -> 0 | BG8: =$AY8-BD8 -> 3 | BH8: =$AY8-BE8 -> 4 | BJ8: =AQ8+BF8 -> 0 | BK8: =AR8+BG8 -> 6 | BL8: =AS8+BH8 -> 8 | BM8: =IF(BJ8=MIN(BJ6:BJ10),1,0) -> 1
A9: 56 | B9: L | C9: E | D9: L | E9: =(IF($B9="V",1,0))+IF($C9="V",1,0)+IF($D9="V",1,0) -> 0 | F9: =(IF($B9="E",1,0))+IF($C9="E",1,0)+IF($D9="E",1,0) -> 1 | G9: =(IF($B9="O",1,0))+IF($C9="O",1,0)+IF($D9="O",1,0) -> 0 | H9: =(IF($B9="L",1,0))+IF($C9="L",1,0)+IF($D9="L",1,0) -> 2 | I9: =(IF(B9="V",1,0)) -> 0 | J9: =(IF(B9="E",1,0)) -> 0 | K9: =(IF(B9="O",1,0)) -> 0 | L9: =(IF(B9="L",1,0)) -> 1 | M9: =(IF(C9="V",1,0)) -> 0 | N9: =(IF(C9="E",1,0)) -> 1 | O9: =(IF(C9="O",1,0)) -> 0 | P9: =(IF(C9="L",1,0)) -> 0 | Q9: =(IF(D9="V",1,0)) -> 0 | R9: =(IF(D9="E",1,0)) -> 0 | S9: =(IF(D9="O",1,0)) -> 0 | T9: =(IF(D9="L",1,0)) -> 1 | U9: =MAX(E9-1,0) -> 0 | V9: =MAX(U9-1+F9,0) -> 0 | W9: =MAX(V9-1+G9,0) -> 0 | X9: =MAX(W9-1+H9,0) -> 1 | Y9: =0.5*(E9*I9+F9*J9+G9*K9+H9*L9-1)+(0+$U9*J9+$V9*K9+$W9*L9) -> 0.5 | Z9: =0.5*(E9*M9+F9*N9+G9*O9+H9*P9-1)+(0+$U9*N9+$V9*O9+$W9*P9) -> 0 | AA9: =0.5*(E9*Q9+F9*R9+G9*S9+H9*T9-1)+(0+$U9*R9+$V9*S9+$W9*T9) -> 0.5 | AB9: =IF(B9="V",-2,0)+IF(B9="E",-1,0)+IF(B9="O",0,0)+IF(B9="L",1,0)+Y9 -> 1.5 | AC9: =IF(C9="V",-2,0)+IF(C9="E",-1,0)+IF(C9="O",0,0)+IF(C9="L",1,0)+Z9 -> -1 | AD9: =IF(D9="V",-2,0)+IF(D9="E",-1,0)+IF(D9="O",0,0)+IF(D9="L",1,0)+AA9 -> 1.5 | AE9: =IF(B9="V",-2,0)+IF(B9="E",-1,0)+IF(B9="O",0,0)+IF(B9="L",1,0) -> 1 | AF9: =IF(B9="V",-2,0)+IF(B9="E",-1,0)+IF(B9="O",0,0)+IF(B9="L",1,0)+Y9 -> 1.5 | AG9: =IF(B9="V",-2,0)+IF(B9="E",-1,0)+IF(B9="O",0,0)+IF(B9="L",1,0)+Y9*2 -> 2 | AH9: =IF(C9="V",-2,0)+IF(C9="E",-1,0)+IF(C9="O",0,0)+IF(C9="L",1,0) -> -1 | AI9: =IF(C9="V",-2,0)+IF(C9="E",-1,0)+IF(C9="O",0,0)+IF(C9="L",1,0)+Z9 -> -1 | AJ9: =IF(C9="V",-2,0)+IF(C9="E",-1,0)+IF(C9="O",0,0)+IF(C9="L",1,0)+Z9*2 -> -1 | AK9: =IF(D9="V",-2,0)+IF(D9="E",-1,0)+IF(D9="O",0,0)+IF(D9="L",1,0) -> 1 | AL9: =IF(D9="V",-2,0)+IF(D9="E",-1,0)+IF(D9="O",0,0)+IF(D9="L",1,0)+AA9 -> 1.5 | AM9: =IF(D9="V",-2,0)+IF(D9="E",-1,0)+IF(D9="O",0,0)+IF(D9="L",1,0)+AA9*2 -> 2 | AN9: =(ABS(IF(AE9<0,AE9*Early,AE9*Late))+ABS(IF(AF9<0,AF9*Early,AF9*Late))+ABS(IF(AG9<0,AG9*Early,AG9*Late)))/3 -> 6 | AO9: =(ABS(IF(AH9<0,AH9*Early,AH9*Late))+ABS(IF(AI9<0,AI9*Early,AI9*Late))+ABS(IF(AJ9<0,AJ9*Early,AJ9*Late)))/3 -> 3 | AP9: =(ABS(IF(AK9<0,AK9*Early,AK9*Late))+ABS(IF(AL9<0,AL9*Early,AL9*Late))+ABS(IF(AM9<0,AM9*Early,AM9*Late)))/3 -> 6 | AQ9: =Y9*Delay+AN9 -> 6.5 | AR9: =Z9*Delay+AO9 -> 3 | AS9: =AA9*Delay+AP9 -> 6.5 | AT9: =IF(AQ9=MIN(AQ6:AQ9),1,0) -> 0 | AX9: =B9&C9&D9 -> LEL | AY9: =AQ9+AR9+AS9 -> 16 | AZ9: =RIGHT(AX9,2) -> EL | BA9: =LEFT(AX9,1)&RIGHT(AX9,1) -> LL | BB9: =LEFT(AX9,2) -> LE | BC9: =VLOOKUP(AZ9,TwoPlayers!$AG$1:$AH$17,2,FALSE()) -> 7 | BD9: =VLOOKUP(BA9,TwoPlayers!$AG$1:$AH$17,2,FALSE()) -> 13 | BE9: =VLOOKUP(BB9,TwoPlayers!$AG$1:$AH$17,2,FALSE()) -> 7 | BF9: =$AY9-BC9 -> 9 | BG9: =$AY9-BD9 -> 3 | BH9: =$AY9-BE9 -> 9 | BJ9: =AQ9+BF9 -> 15.5 | BK9: =AR9+BG9 -> 6 | BL9: =AS9+BH9 -> 15.5 | BM9: =IF(BJ9=MIN(BJ6:BJ10),1,0) -> 0
A10: 7 | B10: V | C10: E | D10: O | E10: =(IF($B10="V",1,0))+IF($C10="V",1,0)+IF($D10="V",1,0) -> 1 | F10: =(IF($B10="E",1,0))+IF($C10="E",1,0)+IF($D10="E",1,0) -> 1 | G10: =(IF($B10="O",1,0))+IF($C10="O",1,0)+IF($D10="O",1,0) -> 1 | H10: =(IF($B10="L",1,0))+IF($C10="L",1,0)+IF($D10="L",1,0) -> 0 | I10: =(IF(B10="V",1,0)) -> 1 | J10: =(IF(B10="E",1,0)) -> 0 | K10: =(IF(B10="O",1,0)) -> 0 | L10: =(IF(B10="L",1,0)) -> 0 | M10: =(IF(C10="V",1,0)) -> 0 | N10: =(IF(C10="E",1,0)) -> 1 | O10: =(IF(C10="O",1,0)) -> 0 | P10: =(IF(C10="L",1,0)) -> 0 | Q10: =(IF(D10="V",1,0)) -> 0 | R10: =(IF(D10="E",1,0)) -> 0 | S10: =(IF(D10="O",1,0)) -> 1 | T10: =(IF(D10="L",1,0)) -> 0 | U10: =MAX(E10-1,0) -> 0 | V10: =MAX(U10-1+F10,0) -> 0 | W10: =MAX(V10-1+G10,0) -> 0 | X10: =MAX(W10-1+H10,0) -> 0 | Y10: =0.5*(E10*I10+F10*J10+G10*K10+H10*L10-1)+(0+$U10*J10+$V10*K10+$W10*L10) -> 0 | Z10: =0.5*(E10*M10+F10*N10+G10*O10+H10*P10-1)+(0+$U10*N10+$V10*O10+$W10*P10) -> 0 | AA10: =0.5*(E10*Q10+F10*R10+G10*S10+H10*T10-1)+(0+$U10*R10+$V10*S10+$W10*T10) -> 0 | AB10: =IF(B10="V",-2,0)+IF(B10="E",-1,0)+IF(B10="O",0,0)+IF(B10="L",1,0)+Y10 -> -2 | AC10: =IF(C10="V",-2,0)+IF(C10="E",-1,0)+IF(C10="O",0,0)+IF(C10="L",1,0)+Z10 -> -1 | AD10: =IF(D10="V",-2,0)+IF(D10="E",-1,0)+IF(D10="O",0,0)+IF(D10="L",1,0)+AA10 -> 0 | AE10: =IF(B10="V",-2,0)+IF(B10="E",-1,0)+IF(B10="O",0,0)+IF(B10="L",1,0) -> -2 | AF10: =IF(B10="V",-2,0)+IF(B10="E",-1,0)+IF(B10="O",0,0)+IF(B10="L",1,0)+Y10 -> -2 | AG10: =IF(B10="V",-2,0)+IF(B10="E",-1,0)+IF(B10="O",0,0)+IF(B10="L",1,0)+Y10*2 -> -2 | AH10: =IF(C10="V",-2,0)+IF(C10="E",-1,0)+IF(C10="O",0,0)+IF(C10="L",1,0) -> -1 | AI10: =IF(C10="V",-2,0)+IF(C10="E",-1,0)+IF(C10="O",0,0)+IF(C10="L",1,0)+Z10 -> -1 | AJ10: =IF(C10="V",-2,0)+IF(C10="E",-1,0)+IF(C10="O",0,0)+IF(C10="L",1,0)+Z10*2 -> -1 | AK10: =IF(D10="V",-2,0)+IF(D10="E",-1,0)+IF(D10="O",0,0)+IF(D10="L",1,0) -> 0 | AL10: =IF(D10="V",-2,0)+IF(D10="E",-1,0)+IF(D10="O",0,0)+IF(D10="L",1,0)+AA10 -> 0 | AM10: =IF(D10="V",-2,0)+IF(D10="E",-1,0)+IF(D10="O",0,0)+IF(D10="L",1,0)+AA10*2 -> 0 | AN10: =(ABS(IF(AE10<0,AE10*Early,AE10*Late))+ABS(IF(AF10<0,AF10*Early,AF10*Late))+ABS(IF(AG10<0,AG10*Early,AG10*Late)))/3 -> 6 | AO10: =(ABS(IF(AH10<0,AH10*Early,AH10*Late))+ABS(IF(AI10<0,AI10*Early,AI10*Late))+ABS(IF(AJ10<0,AJ10*Early,AJ10*Late)))/3 -> 3 | AP10: =(ABS(IF(AK10<0,AK10*Early,AK10*Late))+ABS(IF(AL10<0,AL10*Early,AL10*Late))+ABS(IF(AM10<0,AM10*Early,AM10*Late)))/3 -> 0 | AQ10: =Y10*Delay+AN10 -> 6 | AR10: =Z10*Delay+AO10 -> 3 | AS10: =AA10*Delay+AP10 -> 0 | AT10: =IF(AQ10=MIN(AQ10:AQ13),1,0) -> 0 | AX10: =B10&C10&D10 -> VEO | AY10: =AQ10+AR10+AS10 -> 9 | AZ10: =RIGHT(AX10,2) -> EO | BA10: =LEFT(AX10,1)&RIGHT(AX10,1) -> VO | BB10: =LEFT(AX10,2) -> VE | BC10: =VLOOKUP(AZ10,TwoPlayers!$AG$1:$AH$17,2,FALSE()) -> 3 | BD10: =VLOOKUP(BA10,TwoPlayers!$AG$1:$AH$17,2,FALSE()) -> 6 | BE10: =VLOOKUP(BB10,TwoPlayers!$AG$1:$AH$17,2,FALSE()) -> 9 | BF10: =$AY10-BC10 -> 6 | BG10: =$AY10-BD10 -> 3 | BH10: =$AY10-BE10 -> 0 | BJ10: =AQ10+BF10 -> 12 | BK10: =AR10+BG10 -> 6 | BL10: =AS10+BH10 -> 0 | BM10: =IF(BJ10=MIN(BJ10:BJ14),1,0) -> 0
A11: 23 | B11: E | C11: E | D11: O | E11: =(IF($B11="V",1,0))+IF($C11="V",1,0)+IF($D11="V",1,0) -> 0 | F11: =(IF($B11="E",1,0))+IF($C11="E",1,0)+IF($D11="E",1,0) -> 2 | G11: =(IF($B11="O",1,0))+IF($C11="O",1,0)+IF($D11="O",1,0) -> 1 | H11: =(IF($B11="L",1,0))+IF($C11="L",1,0)+IF($D11="L",1,0) -> 0 | I11: =(IF(B11="V",1,0)) -> 0 | J11: =(IF(B11="E",1,0)) -> 1 | K11: =(IF(B11="O",1,0)) -> 0 | L11: =(IF(B11="L",1,0)) -> 0 | M11: =(IF(C11="V",1,0)) -> 0 | N11: =(IF(C11="E",1,0)) -> 1 | O11: =(IF(C11="O",1,0)) -> 0 | P11: =(IF(C11="L",1,0)) -> 0 | Q11: =(IF(D11="V",1,0)) -> 0 | R11: =(IF(D11="E",1,0)) -> 0 | S11: =(IF(D11="O",1,0)) -> 1 | T11: =(IF(D11="L",1,0)) -> 0 | U11: =MAX(E11-1,0) -> 0 | V11: =MAX(U11-1+F11,0) -> 1 | W11: =MAX(V11-1+G11,0) -> 1 | X11: =MAX(W11-1+H11,0) -> 0 | Y11: =0.5*(E11*I11+F11*J11+G11*K11+H11*L11-1)+(0+$U11*J11+$V11*K11+$W11*L11) -> 0.5 | Z11: =0.5*(E11*M11+F11*N11+G11*O11+H11*P11-1)+(0+$U11*N11+$V11*O11+$W11*P11) -> 0.5 | AA11: =0.5*(E11*Q11+F11*R11+G11*S11+H11*T11-1)+(0+$U11*R11+$V11*S11+$W11*T11) -> 1 | AB11: =IF(B11="V",-2,0)+IF(B11="E",-1,0)+IF(B11="O",0,0)+IF(B11="L",1,0)+Y11 -> -0.5 | AC11: =IF(C11="V",-2,0)+IF(C11="E",-1,0)+IF(C11="O",0,0)+IF(C11="L",1,0)+Z11 -> -0.5 | AD11: =IF(D11="V",-2,0)+IF(D11="E",-1,0)+IF(D11="O",0,0)+IF(D11="L",1,0)+AA11 -> 1 | AE11: =IF(B11="V",-2,0)+IF(B11="E",-1,0)+IF(B11="O",0,0)+IF(B11="L",1,0) -> -1 | AF11: =IF(B11="V",-2,0)+IF(B11="E",-1,0)+IF(B11="O",0,0)+IF(B11="L",1,0)+Y11 -> -0.5 | AG11: =IF(B11="V",-2,0)+IF(B11="E",-1,0)+IF(B11="O",0,0)+IF(B11="L",1,0)+Y11*2 -> 0 | AH11: =IF(C11="V",-2,0)+IF(C11="E",-1,0)+IF(C11="O",0,0)+IF(C11="L",1,0) -> -1 | AI11: =IF(C11="V",-2,0)+IF(C11="E",-1,0)+IF(C11="O",0,0)+IF(C11="L",1,0)+Z11 -> -0.5 | AJ11: =IF(C11="V",-2,0)+IF(C11="E",-1,0)+IF(C11="O",0,0)+IF(C11="L",1,0)+Z11*2 -> 0 | AK11: =IF(D11="V",-2,0)+IF(D11="E",-1,0)+IF(D11="O",0,0)+IF(D11="L",1,0) -> 0 | AL11: =IF(D11="V",-2,0)+IF(D11="E",-1,0)+IF(D11="O",0,0)+IF(D11="L",1,0)+AA11 -> 1 | AM11: =IF(D11="V",-2,0)+IF(D11="E",-1,0)+IF(D11="O",0,0)+IF(D11="L",1,0)+AA11*2 -> 2 | AN11: =(ABS(IF(AE11<0,AE11*Early,AE11*Late))+ABS(IF(AF11<0,AF11*Early,AF11*Late))+ABS(IF(AG11<0,AG11*Early,AG11*Late)))/3 -> 1.5 | AO11: =(ABS(IF(AH11<0,AH11*Early,AH11*Late))+ABS(IF(AI11<0,AI11*Early,AI11*Late))+ABS(IF(AJ11<0,AJ11*Early,AJ11*Late)))/3 -> 1.5 | AP11: =(ABS(IF(AK11<0,AK11*Early,AK11*Late))+ABS(IF(AL11<0,AL11*Early,AL11*Late))+ABS(IF(AM11<0,AM11*Early,AM11*Late)))/3 -> 4 | AQ11: =Y11*Delay+AN11 -> 2 | AR11: =Z11*Delay+AO11 -> 2 | AS11: =AA11*Delay+AP11 -> 5 | AT11: =IF(AQ11=MIN(AQ10:AQ13),1,0) -> 1 | AX11: =B11&C11&D11 -> EEO | AY11: =AQ11+AR11+AS11 -> 9 | AZ11: =RIGHT(AX11,2) -> EO | BA11: =LEFT(AX11,1)&RIGHT(AX11,1) -> EO | BB11: =LEFT(AX11,2) -> EE | BC11: =VLOOKUP(AZ11,TwoPlayers!$AG$1:$AH$17,2,FALSE()) -> 3 | BD11: =VLOOKUP(BA11,TwoPlayers!$AG$1:$AH$17,2,FALSE()) -> 3 | BE11: =VLOOKUP(BB11,TwoPlayers!$AG$1:$AH$17,2,FALSE()) -> 4 | BF11: =$AY11-BC11 -> 6 | BG11: =$AY11-BD11 -> 6 | BH11: =$AY11-BE11 -> 5 | BJ11: =AQ11+BF11 -> 8 | BK11: =AR11+BG11 -> 8 | BL11: =AS11+BH11 -> 10 | BM11: =IF(BJ11=MIN(BJ10:BJ14),1,0) -> 0
A12: 39 | B12: O | C12: E | D12: O | E12: =(IF($B12="V",1,0))+IF($C12="V",1,0)+IF($D12="V",1,0) -> 0 | F12: =(IF($B12="E",1,0))+IF($C12="E",1,0)+IF($D12="E",1,0) -> 1 | G12: =(IF($B12="O",1,0))+IF($C12="O",1,0)+IF($D12="O",1,0) -> 2 | H12: =(IF($B12="L",1,0))+IF($C12="L",1,0)+IF($D12="L",1,0) -> 0 | I12: =(IF(B12="V",1,0)) -> 0 | J12: =(IF(B12="E",1,0)) -> 0 | K12: =(IF(B12="O",1,0)) -> 1 | L12: =(IF(B12="L",1,0)) -> 0 | M12: =(IF(C12="V",1,0)) -> 0 | N12: =(IF(C12="E",1,0)) -> 1 | O12: =(IF(C12="O",1,0)) -> 0 | P12: =(IF(C12="L",1,0)) -> 0 | Q12: =(IF(D12="V",1,0)) -> 0 | R12: =(IF(D12="E",1,0)) -> 0 | S12: =(IF(D12="O",1,0)) -> 1 | T12: =(IF(D12="L",1,0)) -> 0 | U12: =MAX(E12-1,0) -> 0 | V12: =MAX(U12-1+F12,0) -> 0 | W12: =MAX(V12-1+G12,0) -> 1 | X12: =MAX(W12-1+H12,0) -> 0 | Y12: =0.5*(E12*I12+F12*J12+G12*K12+H12*L12-1)+(0+$U12*J12+$V12*K12+$W12*L12) -> 0.5 | Z12: =0.5*(E12*M12+F12*N12+G12*O12+H12*P12-1)+(0+$U12*N12+$V12*O12+$W12*P12) -> 0 | AA12: =0.5*(E12*Q12+F12*R12+G12*S12+H12*T12-1)+(0+$U12*R12+$V12*S12+$W12*T12) -> 0.5 | AB12: =IF(B12="V",-2,0)+IF(B12="E",-1,0)+IF(B12="O",0,0)+IF(B12="L",1,0)+Y12 -> 0.5 | AC12: =IF(C12="V",-2,0)+IF(C12="E",-1,0)+IF(C12="O",0,0)+IF(C12="L",1,0)+Z12 -> -1 | AD12: =IF(D12="V",-2,0)+IF(D12="E",-1,0)+IF(D12="O",0,0)+IF(D12="L",1,0)+AA12 -> 0.5 | AE12: =IF(B12="V",-2,0)+IF(B12="E",-1,0)+IF(B12="O",0,0)+IF(B12="L",1,0) -> 0 | AF12: =IF(B12="V",-2,0)+IF(B12="E",-1,0)+IF(B12="O",0,0)+IF(B12="L",1,0)+Y12 -> 0.5 | AG12: =IF(B12="V",-2,0)+IF(B12="E",-1,0)+IF(B12="O",0,0)+IF(B12="L",1,0)+Y12*2 -> 1 | AH12: =IF(C12="V",-2,0)+IF(C12="E",-1,0)+IF(C12="O",0,0)+IF(C12="L",1,0) -> -1 | AI12: =IF(C12="V",-2,0)+IF(C12="E",-1,0)+IF(C12="O",0,0)+IF(C12="L",1,0)+Z12 -> -1 | AJ12: =IF(C12="V",-2,0)+IF(C12="E",-1,0)+IF(C12="O",0,0)+IF(C12="L",1,0)+Z12*2 -> -1 | AK12: =IF(D12="V",-2,0)+IF(D12="E",-1,0)+IF(D12="O",0,0)+IF(D12="L",1,0) -> 0 | AL12: =IF(D12="V",-2,0)+IF(D12="E",-1,0)+IF(D12="O",0,0)+IF(D12="L",1,0)+AA12 -> 0.5 | AM12: =IF(D12="V",-2,0)+IF(D12="E",-1,0)+IF(D12="O",0,0)+IF(D12="L",1,0)+AA12*2 -> 1 | AN12: =(ABS(IF(AE12<0,AE12*Early,AE12*Late))+ABS(IF(AF12<0,AF12*Early,AF12*Late))+ABS(IF(AG12<0,AG12*Early,AG12*Late)))/3 -> 2 | AO12: =(ABS(IF(AH12<0,AH12*Early,AH12*Late))+ABS(IF(AI12<0,AI12*Early,AI12*Late))+ABS(IF(AJ12<0,AJ12*Early,AJ12*Late)))/3 -> 3 | AP12: =(ABS(IF(AK12<0,AK12*Early,AK12*Late))+ABS(IF(AL12<0,AL12*Early,AL12*Late))+ABS(IF(AM12<0,AM12*Early,AM12*Late)))/3 -> 2 | AQ12: =Y12*Delay+AN12 -> 2.5 | AR12: =Z12*Delay+AO12 -> 3 | AS12: =AA12*Delay+AP12 -> 2.5 | AT12: =IF(AQ12=MIN(AQ10:AQ13),1,0) -> 0 | AX12: =B12&C12&D12 -> OEO | AY12: =AQ12+AR12+AS12 -> 8 | AZ12: =RIGHT(AX12,2) -> EO | BA12: =LEFT(AX12,1)&RIGHT(AX12,1) -> OO | BB12: =LEFT(AX12,2) -> OE | BC12: =VLOOKUP(AZ12,TwoPlayers!$AG$1:$AH$17,2,FALSE()) -> 3 | BD12: =VLOOKUP(BA12,TwoPlayers!$AG$1:$AH$17,2,FALSE()) -> 5 | BE12: =VLOOKUP(BB12,TwoPlayers!$AG$1:$AH$17,2,FALSE()) -> 3 | BF12: =$AY12-BC12 -> 5 | BG12: =$AY12-BD12 -> 3 | BH12: =$AY12-BE12 -> 5 | BJ12: =AQ12+BF12 -> 7.5 | BK12: =AR12+BG12 -> 6 | BL12: =AS12+BH12 -> 7.5 | BM12: =IF(BJ12=MIN(BJ10:BJ14),1,0) -> 1
A13: 55 | B13: L | C13: E | D13: O | E13: =(IF($B13="V",1,0))+IF($C13="V",1,0)+IF($D13="V",1,0) -> 0 | F13: =(IF($B13="E",1,0))+IF($C13="E",1,0)+IF($D13="E",1,0) -> 1 | G13: =(IF($B13="O",1,0))+IF($C13="O",1,0)+IF($D13="O",1,0) -> 1 | H13: =(IF($B13="L",1,0))+IF($C13="L",1,0)+IF($D13="L",1,0) -> 1 | I13: =(IF(B13="V",1,0)) -> 0 | J13: =(IF(B13="E",1,0)) -> 0 | K13: =(IF(B13="O",1,0)) -> 0 | L13: =(IF(B13="L",1,0)) -> 1 | M13: =(IF(C13="V",1,0)) -> 0 | N13: =(IF(C13="E",1,0)) -> 1 | O13: =(IF(C13="O",1,0)) -> 0 | P13: =(IF(C13="L",1,0)) -> 0 | Q13: =(IF(D13="V",1,0)) -> 0 | R13: =(IF(D13="E",1,0)) -> 0 | S13: =(IF(D13="O",1,0)) -> 1 | T13: =(IF(D13="L",1,0)) -> 0 | U13: =MAX(E13-1,0) -> 0 | V13: =MAX(U13-1+F13,0) -> 0 | W13: =MAX(V13-1+G13,0) -> 0 | X13: =MAX(W13-1+H13,0) -> 0 | Y13: =0.5*(E13*I13+F13*J13+G13*K13+H13*L13-1)+(0+$U13*J13+$V13*K13+$W13*L13) -> 0 | Z13: =0.5*(E13*M13+F13*N13+G13*O13+H13*P13-1)+(0+$U13*N13+$V13*O13+$W13*P13) -> 0 | AA13: =0.5*(E13*Q13+F13*R13+G13*S13+H13*T13-1)+(0+$U13*R13+$V13*S13+$W13*T13) -> 0 | AB13: =IF(B13="V",-2,0)+IF(B13="E",-1,0)+IF(B13="O",0,0)+IF(B13="L",1,0)+Y13 -> 1 | AC13: =IF(C13="V",-2,0)+IF(C13="E",-1,0)+IF(C13="O",0,0)+IF(C13="L",1,0)+Z13 -> -1 | AD13: =IF(D13="V",-2,0)+IF(D13="E",-1,0)+IF(D13="O",0,0)+IF(D13="L",1,0)+AA13 -> 0 | AE13: =IF(B13="V",-2,0)+IF(B13="E",-1,0)+IF(B13="O",0,0)+IF(B13="L",1,0) -> 1 | AF13: =IF(B13="V",-2,0)+IF(B13="E",-1,0)+IF(B13="O",0,0)+IF(B13="L",1,0)+Y13 -> 1 | AG13: =IF(B13="V",-2,0)+IF(B13="E",-1,0)+IF(B13="O",0,0)+IF(B13="L",1,0)+Y13*2 -> 1 | AH13: =IF(C13="V",-2,0)+IF(C13="E",-1,0)+IF(C13="O",0,0)+IF(C13="L",1,0) -> -1 | AI13: =IF(C13="V",-2,0)+IF(C13="E",-1,0)+IF(C13="O",0,0)+IF(C13="L",1,0)+Z13 -> -1 | AJ13: =IF(C13="V",-2,0)+IF(C13="E",-1,0)+IF(C13="O",0,0)+IF(C13="L",1,0)+Z13*2 -> -1 | AK13: =IF(D13="V",-2,0)+IF(D13="E",-1,0)+IF(D13="O",0,0)+IF(D13="L",1,0) -> 0 | AL13: =IF(D13="V",-2,0)+IF(D13="E",-1,0)+IF(D13="O",0,0)+IF(D13="L",1,0)+AA13 -> 0 | AM13: =IF(D13="V",-2,0)+IF(D13="E",-1,0)+IF(D13="O",0,0)+IF(D13="L",1,0)+AA13*2 -> 0 | AN13: =(ABS(IF(AE13<0,AE13*Early,AE13*Late))+ABS(IF(AF13<0,AF13*Early,AF13*Late))+ABS(IF(AG13<0,AG13*Early,AG13*Late)))/3 -> 4 | AO13: =(ABS(IF(AH13<0,AH13*Early,AH13*Late))+ABS(IF(AI13<0,AI13*Early,AI13*Late))+ABS(IF(AJ13<0,AJ13*Early,AJ13*Late)))/3 -> 3 | AP13: =(ABS(IF(AK13<0,AK13*Early,AK13*Late))+ABS(IF(AL13<0,AL13*Early,AL13*Late))+ABS(IF(AM13<0,AM13*Early,AM13*Late)))/3 -> 0 | AQ13: =Y13*Delay+AN13 -> 4 | AR13: =Z13*Delay+AO13 -> 3 | AS13: =AA13*Delay+AP13 -> 0 | AT13: =IF(AQ13=MIN(AQ10:AQ13),1,0) -> 0 | AX13: =B13&C13&D13 -> LEO | AY13: =AQ13+AR13+AS13 -> 7 | AZ13: =RIGHT(AX13,2) -> EO | BA13: =LEFT(AX13,1)&RIGHT(AX13,1) -> LO | BB13: =LEFT(AX13,2) -> LE | BC13: =VLOOKUP(AZ13,TwoPlayers!$AG$1:$AH$17,2,FALSE()) -> 3 | BD13: =VLOOKUP(BA13,TwoPlayers!$AG$1:$AH$17,2,FALSE()) -> 4 | BE13: =VLOOKUP(BB13,TwoPlayers!$AG$1:$AH$17,2,FALSE()) -> 7 | BF13: =$AY13-BC13 -> 4 | BG13: =$AY13-BD13 -> 3 | BH13: =$AY13-BE13 -> 0 | BJ13: =AQ13+BF13 -> 8 | BK13: =AR13+BG13 -> 6 | BL13: =AS13+BH13 -> 0 | BM13: =IF(BJ13=MIN(BJ10:BJ14),1,0) -> 0
A14: 5 | B14: V | C14: E | D14: V | E14: =(IF($B14="V",1,0))+IF($C14="V",1,0)+IF($D14="V",1,0) -> 2 | F14: =(IF($B14="E",1,0))+IF($C14="E",1,0)+IF($D14="E",1,0) -> 1 | G14: =(IF($B14="O",1,0))+IF($C14="O",1,0)+IF($D14="O",1,0) -> 0 | H14: =(IF($B14="L",1,0))+IF($C14="L",1,0)+IF($D14="L",1,0) -> 0 | I14: =(IF(B14="V",1,0)) -> 1 | J14: =(IF(B14="E",1,0)) -> 0 | K14: =(IF(B14="O",1,0)) -> 0 | L14: =(IF(B14="L",1,0)) -> 0 | M14: =(IF(C14="V",1,0)) -> 0 | N14: =(IF(C14="E",1,0)) -> 1 | O14: =(IF(C14="O",1,0)) -> 0 | P14: =(IF(C14="L",1,0)) -> 0 | Q14: =(IF(D14="V",1,0)) -> 1 | R14: =(IF(D14="E",1,0)) -> 0 | S14: =(IF(D14="O",1,0)) -> 0 | T14: =(IF(D14="L",1,0)) -> 0 | U14: =MAX(E14-1,0) -> 1 | V14: =MAX(U14-1+F14,0) -> 1 | W14: =MAX(V14-1+G14,0) -> 0 | X14: =MAX(W14-1+H14,0) -> 0 | Y14: =0.5*(E14*I14+F14*J14+G14*K14+H14*L14-1)+(0+$U14*J14+$V14*K14+$W14*L14) -> 0.5 | Z14: =0.5*(E14*M14+F14*N14+G14*O14+H14*P14-1)+(0+$U14*N14+$V14*O14+$W14*P14) -> 1 | AA14: =0.5*(E14*Q14+F14*R14+G14*S14+H14*T14-1)+(0+$U14*R14+$V14*S14+$W14*T14) -> 0.5 | AB14: =IF(B14="V",-2,0)+IF(B14="E",-1,0)+IF(B14="O",0,0)+IF(B14="L",1,0)+Y14 -> -1.5 | AC14: =IF(C14="V",-2,0)+IF(C14="E",-1,0)+IF(C14="O",0,0)+IF(C14="L",1,0)+Z14 -> 0 | AD14: =IF(D14="V",-2,0)+IF(D14="E",-1,0)+IF(D14="O",0,0)+IF(D14="L",1,0)+AA14 -> -1.5 | AE14: =IF(B14="V",-2,0)+IF(B14="E",-1,0)+IF(B14="O",0,0)+IF(B14="L",1,0) -> -2 | AF14: =IF(B14="V",-2,0)+IF(B14="E",-1,0)+IF(B14="O",0,0)+IF(B14="L",1,0)+Y14 -> -1.5 | AG14: =IF(B14="V",-2,0)+IF(B14="E",-1,0)+IF(B14="O",0,0)+IF(B14="L",1,0)+Y14*2 -> -1 | AH14: =IF(C14="V",-2,0)+IF(C14="E",-1,0)+IF(C14="O",0,0)+IF(C14="L",1,0) -> -1 | AI14: =IF(C14="V",-2,0)+IF(C14="E",-1,0)+IF(C14="O",0,0)+IF(C14="L",1,0)+Z14 -> 0 | AJ14: =IF(C14="V",-2,0)+IF(C14="E",-1,0)+IF(C14="O",0,0)+IF(C14="L",1,0)+Z14*2 -> 1 | AK14: =IF(D14="V",-2,0)+IF(D14="E",-1,0)+IF(D14="O",0,0)+IF(D14="L",1,0) -> -2 | AL14: =IF(D14="V",-2,0)+IF(D14="E",-1,0)+IF(D14="O",0,0)+IF(D14="L",1,0)+AA14 -> -1.5 | AM14: =IF(D14="V",-2,0)+IF(D14="E",-1,0)+IF(D14="O",0,0)+IF(D14="L",1,0)+AA14*2 -> -1 | AN14: =(ABS(IF(AE14<0,AE14*Early,AE14*Late))+ABS(IF(AF14<0,AF14*Early,AF14*Late))+ABS(IF(AG14<0,AG14*Early,AG14*Late)))/3 -> 4.5 | AO14: =(ABS(IF(AH14<0,AH14*Early,AH14*Late))+ABS(IF(AI14<0,AI14*Early,AI14*Late))+ABS(IF(AJ14<0,AJ14*Early,AJ14*Late)))/3 -> 2.3333333 | AP14: =(ABS(IF(AK14<0,AK14*Early,AK14*Late))+ABS(IF(AL14<0,AL14*Early,AL14*Late))+ABS(IF(AM14<0,AM14*Early,AM14*Late)))/3 -> 4.5 | AQ14: =Y14*Delay+AN14 -> 5 | AR14: =Z14*Delay+AO14 -> 3.3333333 | AS14: =AA14*Delay+AP14 -> 5 | AT14: =IF(AQ14=MIN(AQ14:AQ17),1,0) -> 0 | AX14: =B14&C14&D14 -> VEV | AY14: =AQ14+AR14+AS14 -> 13.333333 | AZ14: =RIGHT(AX14,2) -> EV | BA14: =LEFT(AX14,1)&RIGHT(AX14,1) -> VV | BB14: =LEFT(AX14,2) -> VE | BC14: =VLOOKUP(AZ14,TwoPlayers!$AG$1:$AH$17,2,FALSE()) -> 9 | BD14: =VLOOKUP(BA14,TwoPlayers!$AG$1:$AH$17,2,FALSE()) -> 10 | BE14: =VLOOKUP(BB14,TwoPlayers!$AG$1:$AH$17,2,FALSE()) -> 9 | BF14: =$AY14-BC14 -> 4.3333333 | BG14: =$AY14-BD14 -> 3.3333333 | BH14: =$AY14-BE14 -> 4.3333333 | BJ14: =AQ14+BF14 -> 9.3333333 | BK14: =AR14+BG14 -> 6.6666667 | BL14: =AS14+BH14 -> 9.3333333 | BM14: =IF(BJ14=MIN(BJ14:BJ18),1,0) -> 0
A15: 21 | B15: E | C15: E | D15: V | E15: =(IF($B15="V",1,0))+IF($C15="V",1,0)+IF($D15="V",1,0) -> 1 | F15: =(IF($B15="E",1,0))+IF($C15="E",1,0)+IF($D15="E",1,0) -> 2 | G15: =(IF($B15="O",1,0))+IF($C15="O",1,0)+IF($D15="O",1,0) -> 0 | H15: =(IF($B15="L",1,0))+IF($C15="L",1,0)+IF($D15="L",1,0) -> 0 | I15: =(IF(B15="V",1,0)) -> 0 | J15: =(IF(B15="E",1,0)) -> 1 | K15: =(IF(B15="O",1,0)) -> 0 | L15: =(IF(B15="L",1,0)) -> 0 | M15: =(IF(C15="V",1,0)) -> 0 | N15: =(IF(C15="E",1,0)) -> 1 | O15: =(IF(C15="O",1,0)) -> 0 | P15: =(IF(C15="L",1,0)) -> 0 | Q15: =(IF(D15="V",1,0)) -> 1 | R15: =(IF(D15="E",1,0)) -> 0 | S15: =(IF(D15="O",1,0)) -> 0 | T15: =(IF(D15="L",1,0)) -> 0 | U15: =MAX(E15-1,0) -> 0 | V15: =MAX(U15-1+F15,0) -> 1 | W15: =MAX(V15-1+G15,0) -> 0 | X15: =MAX(W15-1+H15,0) -> 0 | Y15: =0.5*(E15*I15+F15*J15+G15*K15+H15*L15-1)+(0+$U15*J15+$V15*K15+$W15*L15) -> 0.5 | Z15: =0.5*(E15*M15+F15*N15+G15*O15+H15*P15-1)+(0+$U15*N15+$V15*O15+$W15*P15) -> 0.5 | AA15: =0.5*(E15*Q15+F15*R15+G15*S15+H15*T15-1)+(0+$U15*R15+$V15*S15+$W15*T15) -> 0 | AB15: =IF(B15="V",-2,0)+IF(B15="E",-1,0)+IF(B15="O",0,0)+IF(B15="L",1,0)+Y15 -> -0.5 | AC15: =IF(C15="V",-2,0)+IF(C15="E",-1,0)+IF(C15="O",0,0)+IF(C15="L",1,0)+Z15 -> -0.5 | AD15: =IF(D15="V",-2,0)+IF(D15="E",-1,0)+IF(D15="O",0,0)+IF(D15="L",1,0)+AA15 -> -2 | AE15: =IF(B15="V",-2,0)+IF(B15="E",-1,0)+IF(B15="O",0,0)+IF(B15="L",1,0) -> -1 | AF15: =IF(B15="V",-2,0)+IF(B15="E",-1,0)+IF(B15="O",0,0)+IF(B15="L",1,0)+Y15 -> -0.5 | AG15: =IF(B15="V",-2,0)+IF(B15="E",-1,0)+IF(B15="O",0,0)+IF(B15="L",1,0)+Y15*2 -> 0 | AH15: =IF(C15="V",-2,0)+IF(C15="E",-1,0)+IF(C15="O",0,0)+IF(C15="L",1,0) -> -1 | AI15: =IF(C15="V",-2,0)+IF(C15="E",-1,0)+IF(C15="O",0,0)+IF(C15="L",1,0)+Z15 -> -0.5 | AJ15: =IF(C15="V",-2,0)+IF(C15="E",-1,0)+IF(C15="O",0,0)+IF(C15="L",1,0)+Z15*2 -> 0 | AK15: =IF(D15="V",-2,0)+IF(D15="E",-1,0)+IF(D15="O",0,0)+IF(D15="L",1,0) -> -2 | AL15: =IF(D15="V",-2,0)+IF(D15="E",-1,0)+IF(D15="O",0,0)+IF(D15="L",1,0)+AA15 -> -2 | AM15: =IF(D15="V",-2,0)+IF(D15="E",-1,0)+IF(D15="O",0,0)+IF(D15="L",1,0)+AA15*2 -> -2 | AN15: =(ABS(IF(AE15<0,AE15*Early,AE15*Late))+ABS(IF(AF15<0,AF15*Early,AF15*Late))+ABS(IF(AG15<0,AG15*Early,AG15*Late)))/3 -> 1.5 | AO15: =(ABS(IF(AH15<0,AH15*Early,AH15*Late))+ABS(IF(AI15<0,AI15*Early,AI15*Late))+ABS(IF(AJ15<0,AJ15*Early,AJ15*Late)))/3 -> 1.5 | AP15: =(ABS(IF(AK15<0,AK15*Early,AK15*Late))+ABS(IF(AL15<0,AL15*Early,AL15*Late))+ABS(IF(AM15<0,AM15*Early,AM15*Late)))/3 -> 6 | AQ15: =Y15*Delay+AN15 -> 2 | AR15: =Z15*Delay+AO15 -> 2 | AS15: =AA15*Delay+AP15 -> 6 | AT15: =IF(AQ15=MIN(AQ14:AQ17),1,0) -> 0 | AX15: =B15&C15&D15 -> EEV | AY15: =AQ15+AR15+AS15 -> 10 | AZ15: =RIGHT(AX15,2) -> EV | BA15: =LEFT(AX15,1)&RIGHT(AX15,1) -> EV | BB15: =LEFT(AX15,2) -> EE | BC15: =VLOOKUP(AZ15,TwoPlayers!$AG$1:$AH$17,2,FALSE()) -> 9 | BD15: =VLOOKUP(BA15,TwoPlayers!$AG$1:$AH$17,2,FALSE()) -> 9 | BE15: =VLOOKUP(BB15,TwoPlayers!$AG$1:$AH$17,2,FALSE()) -> 4 | BF15: =$AY15-BC15 -> 1 | BG15: =$AY15-BD15 -> 1 | BH15: =$AY15-BE15 -> 6 | BJ15: =AQ15+BF15 -> 3 | BK15: =AR15+BG15 -> 3 | BL15: =AS15+BH15 -> 12 | BM15: =IF(BJ15=MIN(BJ14:BJ18),1,0) -> 0
A16: 37 | B16: O | C16: E | D16: V | E16: =(IF($B16="V",1,0))+IF($C16="V",1,0)+IF($D16="V",1,0) -> 1 | F16: =(IF($B16="E",1,0))+IF($C16="E",1,0)+IF($D16="E",1,0) -> 1 | G16: =(IF($B16="O",1,0))+IF($C16="O",1,0)+IF($D16="O",1,0) -> 1 | H16: =(IF($B16="L",1,0))+IF($C16="L",1,0)+IF($D16="L",1,0) -> 0 | I16: =(IF(B16="V",1,0)) -> 0 | J16: =(IF(B16="E",1,0)) -> 0 | K16: =(IF(B16="O",1,0)) -> 1 | L16: =(IF(B16="L",1,0)) -> 0 | M16: =(IF(C16="V",1,0)) -> 0 | N16: =(IF(C16="E",1,0)) -> 1 | O16: =(IF(C16="O",1,0)) -> 0 | P16: =(IF(C16="L",1,0)) -> 0 | Q16: =(IF(D16="V",1,0)) -> 1 | R16: =(IF(D16="E",1,0)) -> 0 | S16: =(IF(D16="O",1,0)) -> 0 | T16: =(IF(D16="L",1,0)) -> 0 | U16: =MAX(E16-1,0) -> 0 | V16: =MAX(U16-1+F16,0) -> 0 | W16: =MAX(V16-1+G16,0) -> 0 | X16: =MAX(W16-1+H16,0) -> 0 | Y16: =0.5*(E16*I16+F16*J16+G16*K16+H16*L16-1)+(0+$U16*J16+$V16*K16+$W16*L16) -> 0 | Z16: =0.5*(E16*M16+F16*N16+G16*O16+H16*P16-1)+(0+$U16*N16+$V16*O16+$W16*P16) -> 0 | AA16: =0.5*(E16*Q16+F16*R16+G16*S16+H16*T16-1)+(0+$U16*R16+$V16*S16+$W16*T16) -> 0 | AB16: =IF(B16="V",-2,0)+IF(B16="E",-1,0)+IF(B16="O",0,0)+IF(B16="L",1,0)+Y16 -> 0 | AC16: =IF(C16="V",-2,0)+IF(C16="E",-1,0)+IF(C16="O",0,0)+IF(C16="L",1,0)+Z16 -> -1 | AD16: =IF(D16="V",-2,0)+IF(D16="E",-1,0)+IF(D16="O",0,0)+IF(D16="L",1,0)+AA16 -> -2 | AE16: =IF(B16="V",-2,0)+IF(B16="E",-1,0)+IF(B16="O",0,0)+IF(B16="L",1,0) -> 0 | AF16: =IF(B16="V",-2,0)+IF(B16="E",-1,0)+IF(B16="O",0,0)+IF(B16="L",1,0)+Y16 -> 0 | AG16: =IF(B16="V",-2,0)+IF(B16="E",-1,0)+IF(B16="O",0,0)+IF(B16="L",1,0)+Y16*2 -> 0 | AH16: =IF(C16="V",-2,0)+IF(C16="E",-1,0)+IF(C16="O",0,0)+IF(C16="L",1,0) -> -1 | AI16: =IF(C16="V",-2,0)+IF(C16="E",-1,0)+IF(C16="O",0,0)+IF(C16="L",1,0)+Z16 -> -1 | AJ16: =IF(C16="V",-2,0)+IF(C16="E",-1,0)+IF(C16="O",0,0)+IF(C16="L",1,0)+Z16*2 -> -1 | AK16: =IF(D16="V",-2,0)+IF(D16="E",-1,0)+IF(D16="O",0,0)+IF(D16="L",1,0) -> -2 | AL16: =IF(D16="V",-2,0)+IF(D16="E",-1,0)+IF(D16="O",0,0)+IF(D16="L",1,0)+AA16 -> -2 | AM16: =IF(D16="V",-2,0)+IF(D16="E",-1,0)+IF(D16="O",0,0)+IF(D16="L",1,0)+AA16*2 -> -2 | AN16: =(ABS(IF(AE16<0,AE16*Early,AE16*Late))+ABS(IF(AF16<0,AF16*Early,AF16*Late))+ABS(IF(AG16<0,AG16*Early,AG16*Late)))/3 -> 0 | AO16: =(ABS(IF(AH16<0,AH16*Early,AH16*Late))+ABS(IF(AI16<0,AI16*Early,AI16*Late))+ABS(IF(AJ16<0,AJ16*Early,AJ16*Late)))/3 -> 3 | AP16: =(ABS(IF(AK16<0,AK16*Early,AK16*Late))+ABS(IF(AL16<0,AL16*Early,AL16*Late))+ABS(IF(AM16<0,AM16*Early,AM16*Late)))/3 -> 6 | AQ16: =Y16*Delay+AN16 -> 0 | AR16: =Z16*Delay+AO16 -> 3 | AS16: =AA16*Delay+AP16 -> 6 | AT16: =IF(AQ16=MIN(AQ14:AQ17),1,0) -> 1 | AX16: =B16&C16&D16 -> OEV | AY16: =AQ16+AR16+AS16 -> 9 | AZ16: =RIGHT(AX16,2) -> EV | BA16: =LEFT(AX16,1)&RIGHT(AX16,1) -> OV | BB16: =LEFT(AX16,2) -> OE | BC16: =VLOOKUP(AZ16,TwoPlayers!$AG$1:$AH$17,2,FALSE()) -> 9 | BD16: =VLOOKUP(BA16,TwoPlayers!$AG$1:$AH$17,2,FALSE()) -> 6 | BE16: =VLOOKUP(BB16,TwoPlayers!$AG$1:$AH$17,2,FALSE()) -> 3 | BF16: =$AY16-BC16 -> 0 | BG16: =$AY16-BD16 -> 3 | BH16: =$AY16-BE16 -> 6 | BJ16: =AQ16+BF16 -> 0 | BK16: =AR16+BG16 -> 6 | BL16: =AS16+BH16 -> 12 | BM16: =IF(BJ16=MIN(BJ14:BJ18),1,0) -> 1
A17: 53 | B17: L | C17: E | D17: V | E17: =(IF($B17="V",1,0))+IF($C17="V",1,0)+IF($D17="V",1,0) -> 1 | F17: =(IF($B17="E",1,0))+IF($C17="E",1,0)+IF($D17="E",1,0) -> 1 | G17: =(IF($B17="O",1,0))+IF($C17="O",1,0)+IF($D17="O",1,0) -> 0 | H17: =(IF($B17="L",1,0))+IF($C17="L",1,0)+IF($D17="L",1,0) -> 1 | I17: =(IF(B17="V",1,0)) -> 0 | J17: =(IF(B17="E",1,0)) -> 0 | K17: =(IF(B17="O",1,0)) -> 0 | L17: =(IF(B17="L",1,0)) -> 1 | M17: =(IF(C17="V",1,0)) -> 0 | N17: =(IF(C17="E",1,0)) -> 1 | O17: =(IF(C17="O",1,0)) -> 0 | P17: =(IF(C17="L",1,0)) -> 0 | Q17: =(IF(D17="V",1,0)) -> 1 | R17: =(IF(D17="E",1,0)) -> 0 | S17: =(IF(D17="O",1,0)) -> 0 | T17: =(IF(D17="L",1,0)) -> 0 | U17: =MAX(E17-1,0) -> 0 | V17: =MAX(U17-1+F17,0) -> 0 | W17: =MAX(V17-1+G17,0) -> 0 | X17: =MAX(W17-1+H17,0) -> 0 | Y17: =0.5*(E17*I17+F17*J17+G17*K17+H17*L17-1)+(0+$U17*J17+$V17*K17+$W17*L17) -> 0 | Z17: =0.5*(E17*M17+F17*N17+G17*O17+H17*P17-1)+(0+$U17*N17+$V17*O17+$W17*P17) -> 0 | AA17: =0.5*(E17*Q17+F17*R17+G17*S17+H17*T17-1)+(0+$U17*R17+$V17*S17+$W17*T17) -> 0 | AB17: =IF(B17="V",-2,0)+IF(B17="E",-1,0)+IF(B17="O",0,0)+IF(B17="L",1,0)+Y17 -> 1 | AC17: =IF(C17="V",-2,0)+IF(C17="E",-1,0)+IF(C17="O",0,0)+IF(C17="L",1,0)+Z17 -> -1 | AD17: =IF(D17="V",-2,0)+IF(D17="E",-1,0)+IF(D17="O",0,0)+IF(D17="L",1,0)+AA17 -> -2 | AE17: =IF(B17="V",-2,0)+IF(B17="E",-1,0)+IF(B17="O",0,0)+IF(B17="L",1,0) -> 1 | AF17: =IF(B17="V",-2,0)+IF(B17="E",-1,0)+IF(B17="O",0,0)+IF(B17="L",1,0)+Y17 -> 1 | AG17: =IF(B17="V",-2,0)+IF(B17="E",-1,0)+IF(B17="O",0,0)+IF(B17="L",1,0)+Y17*2 -> 1 | AH17: =IF(C17="V",-2,0)+IF(C17="E",-1,0)+IF(C17="O",0,0)+IF(C17="L",1,0) -> -1 | AI17: =IF(C17="V",-2,0)+IF(C17="E",-1,0)+IF(C17="O",0,0)+IF(C17="L",1,0)+Z17 -> -1 | AJ17: =IF(C17="V",-2,0)+IF(C17="E",-1,0)+IF(C17="O",0,0)+IF(C17="L",1,0)+Z17*2 -> -1 | AK17: =IF(D17="V",-2,0)+IF(D17="E",-1,0)+IF(D17="O",0,0)+IF(D17="L",1,0) -> -2 | AL17: =IF(D17="V",-2,0)+IF(D17="E",-1,0)+IF(D17="O",0,0)+IF(D17="L",1,0)+AA17 -> -2 | AM17: =IF(D17="V",-2,0)+IF(D17="E",-1,0)+IF(D17="O",0,0)+IF(D17="L",1,0)+AA17*2 -> -2 | AN17: =(ABS(IF(AE17<0,AE17*Early,AE17*Late))+ABS(IF(AF17<0,AF17*Early,AF17*Late))+ABS(IF(AG17<0,AG17*Early,AG17*Late)))/3 -> 4 | AO17: =(ABS(IF(AH17<0,AH17*Early,AH17*Late))+ABS(IF(AI17<0,AI17*Early,AI17*Late))+ABS(IF(AJ17<0,AJ17*Early,AJ17*Late)))/3 -> 3 | AP17: =(ABS(IF(AK17<0,AK17*Early,AK17*Late))+ABS(IF(AL17<0,AL17*Early,AL17*Late))+ABS(IF(AM17<0,AM17*Early,AM17*Late)))/3 -> 6 | AQ17: =Y17*Delay+AN17 -> 4 | AR17: =Z17*Delay+AO17 -> 3 | AS17: =AA17*Delay+AP17 -> 6 | AT17: =IF(AQ17=MIN(AQ14:AQ17),1,0) -> 0 | AX17: =B17&C17&D17 -> LEV | AY17: =AQ17+AR17+AS17 -> 13 | AZ17: =RIGHT(AX17,2) -> EV | BA17: =LEFT(AX17,1)&RIGHT(AX17,1) -> LV | BB17: =LEFT(AX17,2) -> LE | BC17: =VLOOKUP(AZ17,TwoPlayers!$AG$1:$AH$17,2,FALSE()) -> 9 | BD17: =VLOOKUP(BA17,TwoPlayers!$AG$1:$AH$17,2,FALSE()) -> 10 | BE17: =VLOOKUP(BB17,TwoPlayers!$AG$1:$AH$17,2,FALSE()) -> 7 | BF17: =$AY17-BC17 -> 4 | BG17: =$AY17-BD17 -> 3 | BH17: =$AY17-BE17 -> 6 | BJ17: =AQ17+BF17 -> 8 | BK17: =AR17+BG17 -> 6 | BL17: =AS17+BH17 -> 12 | BM17: =IF(BJ17=MIN(BJ14:BJ18),1,0) -> 0
A18: 14 | B18: V | C18: L | D18: E | E18: =(IF($B18="V",1,0))+IF($C18="V",1,0)+IF($D18="V",1,0) -> 1 | F18: =(IF($B18="E",1,0))+IF($C18="E",1,0)+IF($D18="E",1,0) -> 1 | G18: =(IF($B18="O",1,0))+IF($C18="O",1,0)+IF($D18="O",1,0) -> 0 | H18: =(IF($B18="L",1,0))+IF($C18="L",1,0)+IF($D18="L",1,0) -> 1 | I18: =(IF(B18="V",1,0)) -> 1 | J18: =(IF(B18="E",1,0)) -> 0 | K18: =(IF(B18="O",1,0)) -> 0 | L18: =(IF(B18="L",1,0)) -> 0 | M18: =(IF(C18="V",1,0)) -> 0 | N18: =(IF(C18="E",1,0)) -> 0 | O18: =(IF(C18="O",1,0)) -> 0 | P18: =(IF(C18="L",1,0)) -> 1 | Q18: =(IF(D18="V",1,0)) -> 0 | R18: =(IF(D18="E",1,0)) -> 1 | S18: =(IF(D18="O",1,0)) -> 0 | T18: =(IF(D18="L",1,0)) -> 0 | U18: =MAX(E18-1,0) -> 0 | V18: =MAX(U18-1+F18,0) -> 0 | W18: =MAX(V18-1+G18,0) -> 0 | X18: =MAX(W18-1+H18,0) -> 0 | Y18: =0.5*(E18*I18+F18*J18+G18*K18+H18*L18-1)+(0+$U18*J18+$V18*K18+$W18*L18) -> 0 | Z18: =0.5*(E18*M18+F18*N18+G18*O18+H18*P18-1)+(0+$U18*N18+$V18*O18+$W18*P18) -> 0 | AA18: =0.5*(E18*Q18+F18*R18+G18*S18+H18*T18-1)+(0+$U18*R18+$V18*S18+$W18*T18) -> 0 | AB18: =IF(B18="V",-2,0)+IF(B18="E",-1,0)+IF(B18="O",0,0)+IF(B18="L",1,0)+Y18 -> -2 | AC18: =IF(C18="V",-2,0)+IF(C18="E",-1,0)+IF(C18="O",0,0)+IF(C18="L",1,0)+Z18 -> 1 | AD18: =IF(D18="V",-2,0)+IF(D18="E",-1,0)+IF(D18="O",0,0)+IF(D18="L",1,0)+AA18 -> -1 | AE18: =IF(B18="V",-2,0)+IF(B18="E",-1,0)+IF(B18="O",0,0)+IF(B18="L",1,0) -> -2 | AF18: =IF(B18="V",-2,0)+IF(B18="E",-1,0)+IF(B18="O",0,0)+IF(B18="L",1,0)+Y18 -> -2 | AG18: =IF(B18="V",-2,0)+IF(B18="E",-1,0)+IF(B18="O",0,0)+IF(B18="L",1,0)+Y18*2 -> -2 | AH18: =IF(C18="V",-2,0)+IF(C18="E",-1,0)+IF(C18="O",0,0)+IF(C18="L",1,0) -> 1 | AI18: =IF(C18="V",-2,0)+IF(C18="E",-1,0)+IF(C18="O",0,0)+IF(C18="L",1,0)+Z18 -> 1 | AJ18: =IF(C18="V",-2,0)+IF(C18="E",-1,0)+IF(C18="O",0,0)+IF(C18="L",1,0)+Z18*2 -> 1 | AK18: =IF(D18="V",-2,0)+IF(D18="E",-1,0)+IF(D18="O",0,0)+IF(D18="L",1,0) -> -1 | AL18: =IF(D18="V",-2,0)+IF(D18="E",-1,0)+IF(D18="O",0,0)+IF(D18="L",1,0)+AA18 -> -1 | AM18: =IF(D18="V",-2,0)+IF(D18="E",-1,0)+IF(D18="O",0,0)+IF(D18="L",1,0)+AA18*2 -> -1 | AN18: =(ABS(IF(AE18<0,AE18*Early,AE18*Late))+ABS(IF(AF18<0,AF18*Early,AF18*Late))+ABS(IF(AG18<0,AG18*Early,AG18*Late)))/3 -> 6 | AO18: =(ABS(IF(AH18<0,AH18*Early,AH18*Late))+ABS(IF(AI18<0,AI18*Early,AI18*Late))+ABS(IF(AJ18<0,AJ18*Early,AJ18*Late)))/3 -> 4 | AP18: =(ABS(IF(AK18<0,AK18*Early,AK18*Late))+ABS(IF(AL18<0,AL18*Early,AL18*Late))+ABS(IF(AM18<0,AM18*Early,AM18*Late)))/3 -> 3 | AQ18: =Y18*Delay+AN18 -> 6 | AR18: =Z18*Delay+AO18 -> 4 | AS18: =AA18*Delay+AP18 -> 3 | AT18: =IF(AQ18=MIN(AQ18:AQ21),1,0) -> 0 | AX18: =B18&C18&D18 -> VLE | AY18: =AQ18+AR18+AS18 -> 13 | AZ18: =RIGHT(AX18,2) -> LE | BA18: =LEFT(AX18,1)&RIGHT(AX18,1) -> VE | BB18: =LEFT(AX18,2) -> VL | BC18: =VLOOKUP(AZ18,TwoPlayers!$AG$1:$AH$17,2,FALSE()) -> 7 | BD18: =VLOOKUP(BA18,TwoPlayers!$AG$1:$AH$17,2,FALSE()) -> 9 | BE18: =VLOOKUP(BB18,TwoPlayers!$AG$1:$AH$17,2,FALSE()) -> 10 | BF18: =$AY18-BC18 -> 6 | BG18: =$AY18-BD18 -> 4 | BH18: =$AY18-BE18 -> 3 | BJ18: =AQ18+BF18 -> 12 | BK18: =AR18+BG18 -> 8 | BL18: =AS18+BH18 -> 6 | BM18: =IF(BJ18=MIN(BJ18:BJ22),1,0) -> 0
A19: 30 | B19: E | C19: L | D19: E | E19: =(IF($B19="V",1,0))+IF($C19="V",1,0)+IF($D19="V",1,0) -> 0 | F19: =(IF($B19="E",1,0))+IF($C19="E",1,0)+IF($D19="E",1,0) -> 2 | G19: =(IF($B19="O",1,0))+IF($C19="O",1,0)+IF($D19="O",1,0) -> 0 | H19: =(IF($B19="L",1,0))+IF($C19="L",1,0)+IF($D19="L",1,0) -> 1 | I19: =(IF(B19="V",1,0)) -> 0 | J19: =(IF(B19="E",1,0)) -> 1 | K19: =(IF(B19="O",1,0)) -> 0 | L19: =(IF(B19="L",1,0)) -> 0 | M19: =(IF(C19="V",1,0)) -> 0 | N19: =(IF(C19="E",1,0)) -> 0 | O19: =(IF(C19="O",1,0)) -> 0 | P19: =(IF(C19="L",1,0)) -> 1 | Q19: =(IF(D19="V",1,0)) -> 0 | R19: =(IF(D19="E",1,0)) -> 1 | S19: =(IF(D19="O",1,0)) -> 0 | T19: =(IF(D19="L",1,0)) -> 0 | U19: =MAX(E19-1,0) -> 0 | V19: =MAX(U19-1+F19,0) -> 1 | W19: =MAX(V19-1+G19,0) -> 0 | X19: =MAX(W19-1+H19,0) -> 0 | Y19: =0.5*(E19*I19+F19*J19+G19*K19+H19*L19-1)+(0+$U19*J19+$V19*K19+$W19*L19) -> 0.5 | Z19: =0.5*(E19*M19+F19*N19+G19*O19+H19*P19-1)+(0+$U19*N19+$V19*O19+$W19*P19) -> 0 | AA19: =0.5*(E19*Q19+F19*R19+G19*S19+H19*T19-1)+(0+$U19*R19+$V19*S19+$W19*T19) -> 0.5 | AB19: =IF(B19="V",-2,0)+IF(B19="E",-1,0)+IF(B19="O",0,0)+IF(B19="L",1,0)+Y19 -> -0.5 | AC19: =IF(C19="V",-2,0)+IF(C19="E",-1,0)+IF(C19="O",0,0)+IF(C19="L",1,0)+Z19 -> 1 | AD19: =IF(D19="V",-2,0)+IF(D19="E",-1,0)+IF(D19="O",0,0)+IF(D19="L",1,0)+AA19 -> -0.5 | AE19: =IF(B19="V",-2,0)+IF(B19="E",-1,0)+IF(B19="O",0,0)+IF(B19="L",1,0) -> -1 | AF19: =IF(B19="V",-2,0)+IF(B19="E",-1,0)+IF(B19="O",0,0)+IF(B19="L",1,0)+Y19 -> -0.5 | AG19: =IF(B19="V",-2,0)+IF(B19="E",-1,0)+IF(B19="O",0,0)+IF(B19="L",1,0)+Y19*2 -> 0 | AH19: =IF(C19="V",-2,0)+IF(C19="E",-1,0)+IF(C19="O",0,0)+IF(C19="L",1,0) -> 1 | AI19: =IF(C19="V",-2,0)+IF(C19="E",-1,0)+IF(C19="O",0,0)+IF(C19="L",1,0)+Z19 -> 1 | AJ19: =IF(C19="V",-2,0)+IF(C19="E",-1,0)+IF(C19="O",0,0)+IF(C19="L",1,0)+Z19*2 -> 1 | AK19: =IF(D19="V",-2,0)+IF(D19="E",-1,0)+IF(D19="O",0,0)+IF(D19="L",1,0) -> -1 | AL19: =IF(D19="V",-2,0)+IF(D19="E",-1,0)+IF(D19="O",0,0)+IF(D19="L",1,0)+AA19 -> -0.5 | AM19: =IF(D19="V",-2,0)+IF(D19="E",-1,0)+IF(D19="O",0,0)+IF(D19="L",1,0)+AA19*2 -> 0 | AN19: =(ABS(IF(AE19<0,AE19*Early,AE19*Late))+ABS(IF(AF19<0,AF19*Early,AF19*Late))+ABS(IF(AG19<0,AG19*Early,AG19*Late)))/3 -> 1.5 | AO19: =(ABS(IF(AH19<0,AH19*Early,AH19*Late))+ABS(IF(AI19<0,AI19*Early,AI19*Late))+ABS(IF(AJ19<0,AJ19*Early,AJ19*Late)))/3 -> 4 | AP19: =(ABS(IF(AK19<0,AK19*Early,AK19*Late))+ABS(IF(AL19<0,AL19*Early,AL19*Late))+ABS(IF(AM19<0,AM19*Early,AM19*Late)))/3 -> 1.5 | AQ19: =Y19*Delay+AN19 -> 2 | AR19: =Z19*Delay+AO19 -> 4 | AS19: =AA19*Delay+AP19 -> 2 | AT19: =IF(AQ19=MIN(AQ18:AQ21),1,0) -> 0 | AX19: =B19&C19&D19 -> ELE | AY19: =AQ19+AR19+AS19 -> 8 | AZ19: =RIGHT(AX19,2) -> LE | BA19: =LEFT(AX19,1)&RIGHT(AX19,1) -> EE | BB19: =LEFT(AX19,2) -> EL | BC19: =VLOOKUP(AZ19,TwoPlayers!$AG$1:$AH$17,2,FALSE()) -> 7 | BD19: =VLOOKUP(BA19,TwoPlayers!$AG$1:$AH$17,2,FALSE()) -> 4 | BE19: =VLOOKUP(BB19,TwoPlayers!$AG$1:$AH$17,2,FALSE()) -> 7 | BF19: =$AY19-BC19 -> 1 | BG19: =$AY19-BD19 -> 4 | BH19: =$AY19-BE19 -> 1 | BJ19: =AQ19+BF19 -> 3 | BK19: =AR19+BG19 -> 8 | BL19: =AS19+BH19 -> 3 | BM19: =IF(BJ19=MIN(BJ18:BJ22),1,0) -> 0
A20: 46 | B20: O | C20: L | D20: E | E20: =(IF($B20="V",1,0))+IF($C20="V",1,0)+IF($D20="V",1,0) -> 0 | F20: =(IF($B20="E",1,0))+IF($C20="E",1,0)+IF($D20="E",1,0) -> 1 | G20: =(IF($B20="O",1,0))+IF($C20="O",1,0)+IF($D20="O",1,0) -> 1 | H20: =(IF($B20="L",1,0))+IF($C20="L",1,0)+IF($D20="L",1,0) -> 1 | I20: =(IF(B20="V",1,0)) -> 0 | J20: =(IF(B20="E",1,0)) -> 0 | K20: =(IF(B20="O",1,0)) -> 1 | L20: =(IF(B20="L",1,0)) -> 0 | M20: =(IF(C20="V",1,0)) -> 0 | N20: =(IF(C20="E",1,0)) -> 0 | O20: =(IF(C20="O",1,0)) -> 0 | P20: =(IF(C20="L",1,0)) -> 1 | Q20: =(IF(D20="V",1,0)) -> 0 | R20: =(IF(D20="E",1,0)) -> 1 | S20: =(IF(D20="O",1,0)) -> 0 | T20: =(IF(D20="L",1,0)) -> 0 | U20: =MAX(E20-1,0) -> 0 | V20: =MAX(U20-1+F20,0) -> 0 | W20: =MAX(V20-1+G20,0) -> 0 | X20: =MAX(W20-1+H20,0) -> 0 | Y20: =0.5*(E20*I20+F20*J20+G20*K20+H20*L20-1)+(0+$U20*J20+$V20*K20+$W20*L20) -> 0 | Z20: =0.5*(E20*M20+F20*N20+G20*O20+H20*P20-1)+(0+$U20*N20+$V20*O20+$W20*P20) -> 0 | AA20: =0.5*(E20*Q20+F20*R20+G20*S20+H20*T20-1)+(0+$U20*R20+$V20*S20+$W20*T20) -> 0 | AB20: =IF(B20="V",-2,0)+IF(B20="E",-1,0)+IF(B20="O",0,0)+IF(B20="L",1,0)+Y20 -> 0 | AC20: =IF(C20="V",-2,0)+IF(C20="E",-1,0)+IF(C20="O",0,0)+IF(C20="L",1,0)+Z20 -> 1 | AD20: =IF(D20="V",-2,0)+IF(D20="E",-1,0)+IF(D20="O",0,0)+IF(D20="L",1,0)+AA20 -> -1 | AE20: =IF(B20="V",-2,0)+IF(B20="E",-1,0)+IF(B20="O",0,0)+IF(B20="L",1,0) -> 0 | AF20: =IF(B20="V",-2,0)+IF(B20="E",-1,0)+IF(B20="O",0,0)+IF(B20="L",1,0)+Y20 -> 0 | AG20: =IF(B20="V",-2,0)+IF(B20="E",-1,0)+IF(B20="O",0,0)+IF(B20="L",1,0)+Y20*2 -> 0 | AH20: =IF(C20="V",-2,0)+IF(C20="E",-1,0)+IF(C20="O",0,0)+IF(C20="L",1,0) -> 1 | AI20: =IF(C20="V",-2,0)+IF(C20="E",-1,0)+IF(C20="O",0,0)+IF(C20="L",1,0)+Z20 -> 1 | AJ20: =IF(C20="V",-2,0)+IF(C20="E",-1,0)+IF(C20="O",0,0)+IF(C20="L",1,0)+Z20*2 -> 1 | AK20: =IF(D20="V",-2,0)+IF(D20="E",-1,0)+IF(D20="O",0,0)+IF(D20="L",1,0) -> -1 | AL20: =IF(D20="V",-2,0)+IF(D20="E",-1,0)+IF(D20="O",0,0)+IF(D20="L",1,0)+AA20 -> -1 | AM20: =IF(D20="V",-2,0)+IF(D20="E",-1,0)+IF(D20="O",0,0)+IF(D20="L",1,0)+AA20*2 -> -1 | AN20: =(ABS(IF(AE20<0,AE20*Early,AE20*Late))+ABS(IF(AF20<0,AF20*Early,AF20*Late))+ABS(IF(AG20<0,AG20*Early,AG20*Late)))/3 -> 0 | AO20: =(ABS(IF(AH20<0,AH20*Early,AH20*Late))+ABS(IF(AI20<0,AI20*Early,AI20*Late))+ABS(IF(AJ20<0,AJ20*Early,AJ20*Late)))/3 -> 4 | AP20: =(ABS(IF(AK20<0,AK20*Early,AK20*Late))+ABS(IF(AL20<0,AL20*Early,AL20*Late))+ABS(IF(AM20<0,AM20*Early,AM20*Late)))/3 -> 3 | AQ20: =Y20*Delay+AN20 -> 0 | AR20: =Z20*Delay+AO20 -> 4 | AS20: =AA20*Delay+AP20 -> 3 | AT20: =IF(AQ20=MIN(AQ18:AQ21),1,0) -> 1 | AX20: =B20&C20&D20 -> OLE | AY20: =AQ20+AR20+AS20 -> 7 | AZ20: =RIGHT(AX20,2) -> LE | BA20: =LEFT(AX20,1)&RIGHT(AX20,1) -> OE | BB20: =LEFT(AX20,2) -> OL | BC20: =VLOOKUP(AZ20,TwoPlayers!$AG$1:$AH$17,2,FALSE()) -> 7 | BD20: =VLOOKUP(BA20,TwoPlayers!$AG$1:$AH$17,2,FALSE()) -> 3 | BE20: =VLOOKUP(BB20,TwoPlayers!$AG$1:$AH$17,2,FALSE()) -> 4 | BF20: =$AY20-BC20 -> 0 | BG20: =$AY20-BD20 -> 4 | BH20: =$AY20-BE20 -> 3 | BJ20: =AQ20+BF20 -> 0 | BK20: =AR20+BG20 -> 8 | BL20: =AS20+BH20 -> 6 | BM20: =IF(BJ20=MIN(BJ18:BJ22),1,0) -> 1
A21: 62 | B21: L | C21: L | D21: E | E21: =(IF($B21="V",1,0))+IF($C21="V",1,0)+IF($D21="V",1,0) -> 0 | F21: =(IF($B21="E",1,0))+IF($C21="E",1,0)+IF($D21="E",1,0) -> 1 | G21: =(IF($B21="O",1,0))+IF($C21="O",1,0)+IF($D21="O",1,0) -> 0 | H21: =(IF($B21="L",1,0))+IF($C21="L",1,0)+IF($D21="L",1,0) -> 2 | I21: =(IF(B21="V",1,0)) -> 0 | J21: =(IF(B21="E",1,0)) -> 0 | K21: =(IF(B21="O",1,0)) -> 0 | L21: =(IF(B21="L",1,0)) -> 1 | M21: =(IF(C21="V",1,0)) -> 0 | N21: =(IF(C21="E",1,0)) -> 0 | O21: =(IF(C21="O",1,0)) -> 0 | P21: =(IF(C21="L",1,0)) -> 1 | Q21: =(IF(D21="V",1,0)) -> 0 | R21: =(IF(D21="E",1,0)) -> 1 | S21: =(IF(D21="O",1,0)) -> 0 | T21: =(IF(D21="L",1,0)) -> 0 | U21: =MAX(E21-1,0) -> 0 | V21: =MAX(U21-1+F21,0) -> 0 | W21: =MAX(V21-1+G21,0) -> 0 | X21: =MAX(W21-1+H21,0) -> 1 | Y21: =0.5*(E21*I21+F21*J21+G21*K21+H21*L21-1)+(0+$U21*J21+$V21*K21+$W21*L21) -> 0.5 | Z21: =0.5*(E21*M21+F21*N21+G21*O21+H21*P21-1)+(0+$U21*N21+$V21*O21+$W21*P21) -> 0.5 | AA21: =0.5*(E21*Q21+F21*R21+G21*S21+H21*T21-1)+(0+$U21*R21+$V21*S21+$W21*T21) -> 0 | AB21: =IF(B21="V",-2,0)+IF(B21="E",-1,0)+IF(B21="O",0,0)+IF(B21="L",1,0)+Y21 -> 1.5 | AC21: =IF(C21="V",-2,0)+IF(C21="E",-1,0)+IF(C21="O",0,0)+IF(C21="L",1,0)+Z21 -> 1.5 | AD21: =IF(D21="V",-2,0)+IF(D21="E",-1,0)+IF(D21="O",0,0)+IF(D21="L",1,0)+AA21 -> -1 | AE21: =IF(B21="V",-2,0)+IF(B21="E",-1,0)+IF(B21="O",0,0)+IF(B21="L",1,0) -> 1 | AF21: =IF(B21="V",-2,0)+IF(B21="E",-1,0)+IF(B21="O",0,0)+IF(B21="L",1,0)+Y21 -> 1.5 | AG21: =IF(B21="V",-2,0)+IF(B21="E",-1,0)+IF(B21="O",0,0)+IF(B21="L",1,0)+Y21*2 -> 2 | AH21: =IF(C21="V",-2,0)+IF(C21="E",-1,0)+IF(C21="O",0,0)+IF(C21="L",1,0) -> 1 | AI21: =IF(C21="V",-2,0)+IF(C21="E",-1,0)+IF(C21="O",0,0)+IF(C21="L",1,0)+Z21 -> 1.5 | AJ21: =IF(C21="V",-2,0)+IF(C21="E",-1,0)+IF(C21="O",0,0)+IF(C21="L",1,0)+Z21*2 -> 2 | AK21: =IF(D21="V",-2,0)+IF(D21="E",-1,0)+IF(D21="O",0,0)+IF(D21="L",1,0) -> -1 | AL21: =IF(D21="V",-2,0)+IF(D21="E",-1,0)+IF(D21="O",0,0)+IF(D21="L",1,0)+AA21 -> -1 | AM21: =IF(D21="V",-2,0)+IF(D21="E",-1,0)+IF(D21="O",0,0)+IF(D21="L",1,0)+AA21*2 -> -1 | AN21: =(ABS(IF(AE21<0,AE21*Early,AE21*Late))+ABS(IF(AF21<0,AF21*Early,AF21*Late))+ABS(IF(AG21<0,AG21*Early,AG21*Late)))/3 -> 6 | AO21: =(ABS(IF(AH21<0,AH21*Early,AH21*Late))+ABS(IF(AI21<0,AI21*Early,AI21*Late))+ABS(IF(AJ21<0,AJ21*Early,AJ21*Late)))/3 -> 6 | AP21: =(ABS(IF(AK21<0,AK21*Early,AK21*Late))+ABS(IF(AL21<0,AL21*Early,AL21*Late))+ABS(IF(AM21<0,AM21*Early,AM21*Late)))/3 -> 3 | AQ21: =Y21*Delay+AN21 -> 6.5 | AR21: =Z21*Delay+AO21 -> 6.5 | AS21: =AA21*Delay+AP21 -> 3 | AT21: =IF(AQ21=MIN(AQ18:AQ21),1,0) -> 0 | AX21: =B21&C21&D21 -> LLE | AY21: =AQ21+AR21+AS21 -> 16 | AZ21: =RIGHT(AX21,2) -> LE | BA21: =LEFT(AX21,1)&RIGHT(AX21,1) -> LE | BB21: =LEFT(AX21,2) -> LL | BC21: =VLOOKUP(AZ21,TwoPlayers!$AG$1:$AH$17,2,FALSE()) -> 7 | BD21: =VLOOKUP(BA21,TwoPlayers!$AG$1:$AH$17,2,FALSE()) -> 7 | BE21: =VLOOKUP(BB21,TwoPlayers!$AG$1:$AH$17,2,FALSE()) -> 13 | BF21: =$AY21-BC21 -> 9 | BG21: =$AY21-BD21 -> 9 | BH21: =$AY21-BE21 -> 3 | BJ21: =AQ21+BF21 -> 15.5 | BK21: =AR21+BG21 -> 15.5 | BL21: =AS21+BH21 -> 6 | BM21: =IF(BJ21=MIN(BJ18:BJ22),1,0) -> 0
A22: 16 | B22: V | C22: L | D22: L | E22: =(IF($B22="V",1,0))+IF($C22="V",1,0)+IF($D22="V",1,0) -> 1 | F22: =(IF($B22="E",1,0))+IF($C22="E",1,0)+IF($D22="E",1,0) -> 0 | G22: =(IF($B22="O",1,0))+IF($C22="O",1,0)+IF($D22="O",1,0) -> 0 | H22: =(IF($B22="L",1,0))+IF($C22="L",1,0)+IF($D22="L",1,0) -> 2 | I22: =(IF(B22="V",1,0)) -> 1 | J22: =(IF(B22="E",1,0)) -> 0 | K22: =(IF(B22="O",1,0)) -> 0 | L22: =(IF(B22="L",1,0)) -> 0 | M22: =(IF(C22="V",1,0)) -> 0 | N22: =(IF(C22="E",1,0)) -> 0 | O22: =(IF(C22="O",1,0)) -> 0 | P22: =(IF(C22="L",1,0)) -> 1 | Q22: =(IF(D22="V",1,0)) -> 0 | R22: =(IF(D22="E",1,0)) -> 0 | S22: =(IF(D22="O",1,0)) -> 0 | T22: =(IF(D22="L",1,0)) -> 1 | U22: =MAX(E22-1,0) -> 0 | V22: =MAX(U22-1+F22,0) -> 0 | W22: =MAX(V22-1+G22,0) -> 0 | X22: =MAX(W22-1+H22,0) -> 1 | Y22: =0.5*(E22*I22+F22*J22+G22*K22+H22*L22-1)+(0+$U22*J22+$V22*K22+$W22*L22) -> 0 | Z22: =0.5*(E22*M22+F22*N22+G22*O22+H22*P22-1)+(0+$U22*N22+$V22*O22+$W22*P22) -> 0.5 | AA22: =0.5*(E22*Q22+F22*R22+G22*S22+H22*T22-1)+(0+$U22*R22+$V22*S22+$W22*T22) -> 0.5 | AB22: =IF(B22="V",-2,0)+IF(B22="E",-1,0)+IF(B22="O",0,0)+IF(B22="L",1,0)+Y22 -> -2 | AC22: =IF(C22="V",-2,0)+IF(C22="E",-1,0)+IF(C22="O",0,0)+IF(C22="L",1,0)+Z22 -> 1.5 | AD22: =IF(D22="V",-2,0)+IF(D22="E",-1,0)+IF(D22="O",0,0)+IF(D22="L",1,0)+AA22 -> 1.5 | AE22: =IF(B22="V",-2,0)+IF(B22="E",-1,0)+IF(B22="O",0,0)+IF(B22="L",1,0) -> -2 | AF22: =IF(B22="V",-2,0)+IF(B22="E",-1,0)+IF(B22="O",0,0)+IF(B22="L",1,0)+Y22 -> -2 | AG22: =IF(B22="V",-2,0)+IF(B22="E",-1,0)+IF(B22="O",0,0)+IF(B22="L",1,0)+Y22*2 -> -2 | AH22: =IF(C22="V",-2,0)+IF(C22="E",-1,0)+IF(C22="O",0,0)+IF(C22="L",1,0) -> 1 | AI22: =IF(C22="V",-2,0)+IF(C22="E",-1,0)+IF(C22="O",0,0)+IF(C22="L",1,0)+Z22 -> 1.5 | AJ22: =IF(C22="V",-2,0)+IF(C22="E",-1,0)+IF(C22="O",0,0)+IF(C22="L",1,0)+Z22*2 -> 2 | AK22: =IF(D22="V",-2,0)+IF(D22="E",-1,0)+IF(D22="O",0,0)+IF(D22="L",1,0) -> 1 | AL22: =IF(D22="V",-2,0)+IF(D22="E",-1,0)+IF(D22="O",0,0)+IF(D22="L",1,0)+AA22 -> 1.5 | AM22: =IF(D22="V",-2,0)+IF(D22="E",-1,0)+IF(D22="O",0,0)+IF(D22="L",1,0)+AA22*2 -> 2 | AN22: =(ABS(IF(AE22<0,AE22*Early,AE22*Late))+ABS(IF(AF22<0,AF22*Early,AF22*Late))+ABS(IF(AG22<0,AG22*Early,AG22*Late)))/3 -> 6 | AO22: =(ABS(IF(AH22<0,AH22*Early,AH22*Late))+ABS(IF(AI22<0,AI22*Early,AI22*Late))+ABS(IF(AJ22<0,AJ22*Early,AJ22*Late)))/3 -> 6 | AP22: =(ABS(IF(AK22<0,AK22*Early,AK22*Late))+ABS(IF(AL22<0,AL22*Early,AL22*Late))+ABS(IF(AM22<0,AM22*Early,AM22*Late)))/3 -> 6 | AQ22: =Y22*Delay+AN22 -> 6 | AR22: =Z22*Delay+AO22 -> 6.5 | AS22: =AA22*Delay+AP22 -> 6.5 | AT22: =IF(AQ22=MIN(AQ22:AQ25),1,0) -> 0 | AX22: =B22&C22&D22 -> VLL | AY22: =AQ22+AR22+AS22 -> 19 | AZ22: =RIGHT(AX22,2) -> LL | BA22: =LEFT(AX22,1)&RIGHT(AX22,1) -> VL | BB22: =LEFT(AX22,2) -> VL | BC22: =VLOOKUP(AZ22,TwoPlayers!$AG$1:$AH$17,2,FALSE()) -> 13 | BD22: =VLOOKUP(BA22,TwoPlayers!$AG$1:$AH$17,2,FALSE()) -> 10 | BE22: =VLOOKUP(BB22,TwoPlayers!$AG$1:$AH$17,2,FALSE()) -> 10 | BF22: =$AY22-BC22 -> 6 | BG22: =$AY22-BD22 -> 9 | BH22: =$AY22-BE22 -> 9 | BJ22: =AQ22+BF22 -> 12 | BK22: =AR22+BG22 -> 15.5 | BL22: =AS22+BH22 -> 15.5 | BM22: =IF(BJ22=MIN(BJ22:BJ26),1,0) -> 0
A23: 32 | B23: E | C23: L | D23: L | E23: =(IF($B23="V",1,0))+IF($C23="V",1,0)+IF($D23="V",1,0) -> 0 | F23: =(IF($B23="E",1,0))+IF($C23="E",1,0)+IF($D23="E",1,0) -> 1 | G23: =(IF($B23="O",1,0))+IF($C23="O",1,0)+IF($D23="O",1,0) -> 0 | H23: =(IF($B23="L",1,0))+IF($C23="L",1,0)+IF($D23="L",1,0) -> 2 | I23: =(IF(B23="V",1,0)) -> 0 | J23: =(IF(B23="E",1,0)) -> 1 | K23: =(IF(B23="O",1,0)) -> 0 | L23: =(IF(B23="L",1,0)) -> 0 | M23: =(IF(C23="V",1,0)) -> 0 | N23: =(IF(C23="E",1,0)) -> 0 | O23: =(IF(C23="O",1,0)) -> 0 | P23: =(IF(C23="L",1,0)) -> 1 | Q23: =(IF(D23="V",1,0)) -> 0 | R23: =(IF(D23="E",1,0)) -> 0 | S23: =(IF(D23="O",1,0)) -> 0 | T23: =(IF(D23="L",1,0)) -> 1 | U23: =MAX(E23-1,0) -> 0 | V23: =MAX(U23-1+F23,0) -> 0 | W23: =MAX(V23-1+G23,0) -> 0 | X23: =MAX(W23-1+H23,0) -> 1 | Y23: =0.5*(E23*I23+F23*J23+G23*K23+H23*L23-1)+(0+$U23*J23+$V23*K23+$W23*L23) -> 0 | Z23: =0.5*(E23*M23+F23*N23+G23*O23+H23*P23-1)+(0+$U23*N23+$V23*O23+$W23*P23) -> 0.5 | AA23: =0.5*(E23*Q23+F23*R23+G23*S23+H23*T23-1)+(0+$U23*R23+$V23*S23+$W23*T23) -> 0.5 | AB23: =IF(B23="V",-2,0)+IF(B23="E",-1,0)+IF(B23="O",0,0)+IF(B23="L",1,0)+Y23 -> -1 | AC23: =IF(C23="V",-2,0)+IF(C23="E",-1,0)+IF(C23="O",0,0)+IF(C23="L",1,0)+Z23 -> 1.5 | AD23: =IF(D23="V",-2,0)+IF(D23="E",-1,0)+IF(D23="O",0,0)+IF(D23="L",1,0)+AA23 -> 1.5 | AE23: =IF(B23="V",-2,0)+IF(B23="E",-1,0)+IF(B23="O",0,0)+IF(B23="L",1,0) -> -1 | AF23: =IF(B23="V",-2,0)+IF(B23="E",-1,0)+IF(B23="O",0,0)+IF(B23="L",1,0)+Y23 -> -1 | AG23: =IF(B23="V",-2,0)+IF(B23="E",-1,0)+IF(B23="O",0,0)+IF(B23="L",1,0)+Y23*2 -> -1 | AH23: =IF(C23="V",-2,0)+IF(C23="E",-1,0)+IF(C23="O",0,0)+IF(C23="L",1,0) -> 1 | AI23: =IF(C23="V",-2,0)+IF(C23="E",-1,0)+IF(C23="O",0,0)+IF(C23="L",1,0)+Z23 -> 1.5 | AJ23: =IF(C23="V",-2,0)+IF(C23="E",-1,0)+IF(C23="O",0,0)+IF(C23="L",1,0)+Z23*2 -> 2 | AK23: =IF(D23="V",-2,0)+IF(D23="E",-1,0)+IF(D23="O",0,0)+IF(D23="L",1,0) -> 1 | AL23: =IF(D23="V",-2,0)+IF(D23="E",-1,0)+IF(D23="O",0,0)+IF(D23="L",1,0)+AA23 -> 1.5 | AM23: =IF(D23="V",-2,0)+IF(D23="E",-1,0)+IF(D23="O",0,0)+IF(D23="L",1,0)+AA23*2 -> 2 | AN23: =(ABS(IF(AE23<0,AE23*Early,AE23*Late))+ABS(IF(AF23<0,AF23*Early,AF23*Late))+ABS(IF(AG23<0,AG23*Early,AG23*Late)))/3 -> 3 | AO23: =(ABS(IF(AH23<0,AH23*Early,AH23*Late))+ABS(IF(AI23<0,AI23*Early,AI23*Late))+ABS(IF(AJ23<0,AJ23*Early,AJ23*Late)))/3 -> 6 | AP23: =(ABS(IF(AK23<0,AK23*Early,AK23*Late))+ABS(IF(AL23<0,AL23*Early,AL23*Late))+ABS(IF(AM23<0,AM23*Early,AM23*Late)))/3 -> 6 | AQ23: =Y23*Delay+AN23 -> 3 | AR23: =Z23*Delay+AO23 -> 6.5 | AS23: =AA23*Delay+AP23 -> 6.5 | AT23: =IF(AQ23=MIN(AQ22:AQ25),1,0) -> 0 | AX23: =B23&C23&D23 -> ELL | AY23: =AQ23+AR23+AS23 -> 16 | AZ23: =RIGHT(AX23,2) -> LL | BA23: =LEFT(AX23,1)&RIGHT(AX23,1) -> EL | BB23: =LEFT(AX23,2) -> EL | BC23: =VLOOKUP(AZ23,TwoPlayers!$AG$1:$AH$17,2,FALSE()) -> 13 | BD23: =VLOOKUP(BA23,TwoPlayers!$AG$1:$AH$17,2,FALSE()) -> 7 | BE23: =VLOOKUP(BB23,TwoPlayers!$AG$1:$AH$17,2,FALSE()) -> 7 | BF23: =$AY23-BC23 -> 3 | BG23: =$AY23-BD23 -> 9 | BH23: =$AY23-BE23 -> 9 | BJ23: =AQ23+BF23 -> 6 | BK23: =AR23+BG23 -> 15.5 | BL23: =AS23+BH23 -> 15.5 | BM23: =IF(BJ23=MIN(BJ22:BJ26),1,0) -> 0
A24: 48 | B24: O | C24: L | D24: L | E24: =(IF($B24="V",1,0))+IF($C24="V",1,0)+IF($D24="V",1,0) -> 0 | F24: =(IF($B24="E",1,0))+IF($C24="E",1,0)+IF($D24="E",1,0) -> 0 | G24: =(IF($B24="O",1,0))+IF($C24="O",1,0)+IF($D24="O",1,0) -> 1 | H24: =(IF($B24="L",1,0))+IF($C24="L",1,0)+IF($D24="L",1,0) -> 2 | I24: =(IF(B24="V",1,0)) -> 0 | J24: =(IF(B24="E",1,0)) -> 0 | K24: =(IF(B24="O",1,0)) -> 1 | L24: =(IF(B24="L",1,0)) -> 0 | M24: =(IF(C24="V",1,0)) -> 0 | N24: =(IF(C24="E",1,0)) -> 0 | O24: =(IF(C24="O",1,0)) -> 0 | P24: =(IF(C24="L",1,0)) -> 1 | Q24: =(IF(D24="V",1,0)) -> 0 | R24: =(IF(D24="E",1,0)) -> 0 | S24: =(IF(D24="O",1,0)) -> 0 | T24: =(IF(D24="L",1,0)) -> 1 | U24: =MAX(E24-1,0) -> 0 | V24: =MAX(U24-1+F24,0) -> 0 | W24: =MAX(V24-1+G24,0) -> 0 | X24: =MAX(W24-1+H24,0) -> 1 | Y24: =0.5*(E24*I24+F24*J24+G24*K24+H24*L24-1)+(0+$U24*J24+$V24*K24+$W24*L24) -> 0 | Z24: =0.5*(E24*M24+F24*N24+G24*O24+H24*P24-1)+(0+$U24*N24+$V24*O24+$W24*P24) -> 0.5 | AA24: =0.5*(E24*Q24+F24*R24+G24*S24+H24*T24-1)+(0+$U24*R24+$V24*S24+$W24*T24) -> 0.5 | AB24: =IF(B24="V",-2,0)+IF(B24="E",-1,0)+IF(B24="O",0,0)+IF(B24="L",1,0)+Y24 -> 0 | AC24: =IF(C24="V",-2,0)+IF(C24="E",-1,0)+IF(C24="O",0,0)+IF(C24="L",1,0)+Z24 -> 1.5 | AD24: =IF(D24="V",-2,0)+IF(D24="E",-1,0)+IF(D24="O",0,0)+IF(D24="L",1,0)+AA24 -> 1.5 | AE24: =IF(B24="V",-2,0)+IF(B24="E",-1,0)+IF(B24="O",0,0)+IF(B24="L",1,0) -> 0 | AF24: =IF(B24="V",-2,0)+IF(B24="E",-1,0)+IF(B24="O",0,0)+IF(B24="L",1,0)+Y24 -> 0 | AG24: =IF(B24="V",-2,0)+IF(B24="E",-1,0)+IF(B24="O",0,0)+IF(B24="L",1,0)+Y24*2 -> 0 | AH24: =IF(C24="V",-2,0)+IF(C24="E",-1,0)+IF(C24="O",0,0)+IF(C24="L",1,0) -> 1 | AI24: =IF(C24="V",-2,0)+IF(C24="E",-1,0)+IF(C24="O",0,0)+IF(C24="L",1,0)+Z24 -> 1.5 | AJ24: =IF(C24="V",-2,0)+IF(C24="E",-1,0)+IF(C24="O",0,0)+IF(C24="L",1,0)+Z24*2 -> 2 | AK24: =IF(D24="V",-2,0)+IF(D24="E",-1,0)+IF(D24="O",0,0)+IF(D24="L",1,0) -> 1 | AL24: =IF(D24="V",-2,0)+IF(D24="E",-1,0)+IF(D24="O",0,0)+IF(D24="L",1,0)+AA24 -> 1.5 | AM24: =IF(D24="V",-2,0)+IF(D24="E",-1,0)+IF(D24="O",0,0)+IF(D24="L",1,0)+AA24*2 -> 2 | AN24: =(ABS(IF(AE24<0,AE24*Early,AE24*Late))+ABS(IF(AF24<0,AF24*Early,AF24*Late))+ABS(IF(AG24<0,AG24*Early,AG24*Late)))/3 -> 0 | AO24: =(ABS(IF(AH24<0,AH24*Early,AH24*Late))+ABS(IF(AI24<0,AI24*Early,AI24*Late))+ABS(IF(AJ24<0,AJ24*Early,AJ24*Late)))/3 -> 6 | AP24: =(ABS(IF(AK24<0,AK24*Early,AK24*Late))+ABS(IF(AL24<0,AL24*Early,AL24*Late))+ABS(IF(AM24<0,AM24*Early,AM24*Late)))/3 -> 6 | AQ24: =Y24*Delay+AN24 -> 0 | AR24: =Z24*Delay+AO24 -> 6.5 | AS24: =AA24*Delay+AP24 -> 6.5 | AT24: =IF(AQ24=MIN(AQ22:AQ25),1,0) -> 1 | AX24: =B24&C24&D24 -> OLL | AY24: =AQ24+AR24+AS24 -> 13 | AZ24: =RIGHT(AX24,2) -> LL | BA24: =LEFT(AX24,1)&RIGHT(AX24,1) -> OL | BB24: =LEFT(AX24,2) -> OL | BC24: =VLOOKUP(AZ24,TwoPlayers!$AG$1:$AH$17,2,FALSE()) -> 13 | BD24: =VLOOKUP(BA24,TwoPlayers!$AG$1:$AH$17,2,FALSE()) -> 4 | BE24: =VLOOKUP(BB24,TwoPlayers!$AG$1:$AH$17,2,FALSE()) -> 4 | BF24: =$AY24-BC24 -> 0 | BG24: =$AY24-BD24 -> 9 | BH24: =$AY24-BE24 -> 9 | BJ24: =AQ24+BF24 -> 0 | BK24: =AR24+BG24 -> 15.5 | BL24: =AS24+BH24 -> 15.5 | BM24: =IF(BJ24=MIN(BJ22:BJ26),1,0) -> 1
A25: 64 | B25: L | C25: L | D25: L | E25: =(IF($B25="V",1,0))+IF($C25="V",1,0)+IF($D25="V",1,0) -> 0 | F25: =(IF($B25="E",1,0))+IF($C25="E",1,0)+IF($D25="E",1,0) -> 0 | G25: =(IF($B25="O",1,0))+IF($C25="O",1,0)+IF($D25="O",1,0) -> 0 | H25: =(IF($B25="L",1,0))+IF($C25="L",1,0)+IF($D25="L",1,0) -> 3 | I25: =(IF(B25="V",1,0)) -> 0 | J25: =(IF(B25="E",1,0)) -> 0 | K25: =(IF(B25="O",1,0)) -> 0 | L25: =(IF(B25="L",1,0)) -> 1 | M25: =(IF(C25="V",1,0)) -> 0 | N25: =(IF(C25="E",1,0)) -> 0 | O25: =(IF(C25="O",1,0)) -> 0 | P25: =(IF(C25="L",1,0)) -> 1 | Q25: =(IF(D25="V",1,0)) -> 0 | R25: =(IF(D25="E",1,0)) -> 0 | S25: =(IF(D25="O",1,0)) -> 0 | T25: =(IF(D25="L",1,0)) -> 1 | U25: =MAX(E25-1,0) -> 0 | V25: =MAX(U25-1+F25,0) -> 0 | W25: =MAX(V25-1+G25,0) -> 0 | X25: =MAX(W25-1+H25,0) -> 2 | Y25: =0.5*(E25*I25+F25*J25+G25*K25+H25*L25-1)+(0+$U25*J25+$V25*K25+$W25*L25) -> 1 | Z25: =0.5*(E25*M25+F25*N25+G25*O25+H25*P25-1)+(0+$U25*N25+$V25*O25+$W25*P25) -> 1 | AA25: =0.5*(E25*Q25+F25*R25+G25*S25+H25*T25-1)+(0+$U25*R25+$V25*S25+$W25*T25) -> 1 | AB25: =IF(B25="V",-2,0)+IF(B25="E",-1,0)+IF(B25="O",0,0)+IF(B25="L",1,0)+Y25 -> 2 | AC25: =IF(C25="V",-2,0)+IF(C25="E",-1,0)+IF(C25="O",0,0)+IF(C25="L",1,0)+Z25 -> 2 | AD25: =IF(D25="V",-2,0)+IF(D25="E",-1,0)+IF(D25="O",0,0)+IF(D25="L",1,0)+AA25 -> 2 | AE25: =IF(B25="V",-2,0)+IF(B25="E",-1,0)+IF(B25="O",0,0)+IF(B25="L",1,0) -> 1 | AF25: =IF(B25="V",-2,0)+IF(B25="E",-1,0)+IF(B25="O",0,0)+IF(B25="L",1,0)+Y25 -> 2 | AG25: =IF(B25="V",-2,0)+IF(B25="E",-1,0)+IF(B25="O",0,0)+IF(B25="L",1,0)+Y25*2 -> 3 | AH25: =IF(C25="V",-2,0)+IF(C25="E",-1,0)+IF(C25="O",0,0)+IF(C25="L",1,0) -> 1 | AI25: =IF(C25="V",-2,0)+IF(C25="E",-1,0)+IF(C25="O",0,0)+IF(C25="L",1,0)+Z25 -> 2 | AJ25: =IF(C25="V",-2,0)+IF(C25="E",-1,0)+IF(C25="O",0,0)+IF(C25="L",1,0)+Z25*2 -> 3 | AK25: =IF(D25="V",-2,0)+IF(D25="E",-1,0)+IF(D25="O",0,0)+IF(D25="L",1,0) -> 1 | AL25: =IF(D25="V",-2,0)+IF(D25="E",-1,0)+IF(D25="O",0,0)+IF(D25="L",1,0)+AA25 -> 2 | AM25: =IF(D25="V",-2,0)+IF(D25="E",-1,0)+IF(D25="O",0,0)+IF(D25="L",1,0)+AA25*2 -> 3 | AN25: =(ABS(IF(AE25<0,AE25*Early,AE25*Late))+ABS(IF(AF25<0,AF25*Early,AF25*Late))+ABS(IF(AG25<0,AG25*Early,AG25*Late)))/3 -> 8 | AO25: =(ABS(IF(AH25<0,AH25*Early,AH25*Late))+ABS(IF(AI25<0,AI25*Early,AI25*Late))+ABS(IF(AJ25<0,AJ25*Early,AJ25*Late)))/3 -> 8 | AP25: =(ABS(IF(AK25<0,AK25*Early,AK25*Late))+ABS(IF(AL25<0,AL25*Early,AL25*Late))+ABS(IF(AM25<0,AM25*Early,AM25*Late)))/3 -> 8 | AQ25: =Y25*Delay+AN25 -> 9 | AR25: =Z25*Delay+AO25 -> 9 | AS25: =AA25*Delay+AP25 -> 9 | AT25: =IF(AQ25=MIN(AQ22:AQ25),1,0) -> 0 | AX25: =B25&C25&D25 -> LLL | AY25: =AQ25+AR25+AS25 -> 27 | AZ25: =RIGHT(AX25,2) -> LL | BA25: =LEFT(AX25,1)&RIGHT(AX25,1) -> LL | BB25: =LEFT(AX25,2) -> LL | BC25: =VLOOKUP(AZ25,TwoPlayers!$AG$1:$AH$17,2,FALSE()) -> 13 | BD25: =VLOOKUP(BA25,TwoPlayers!$AG$1:$AH$17,2,FALSE()) -> 13 | BE25: =VLOOKUP(BB25,TwoPlayers!$AG$1:$AH$17,2,FALSE()) -> 13 | BF25: =$AY25-BC25 -> 14 | BG25: =$AY25-BD25 -> 14 | BH25: =$AY25-BE25 -> 14 | BJ25: =AQ25+BF25 -> 23 | BK25: =AR25+BG25 -> 23 | BL25: =AS25+BH25 -> 23 | BM25: =IF(BJ25=MIN(BJ22:BJ26),1,0) -> 0
A26: 15 | B26: V | C26: L | D26: O | E26: =(IF($B26="V",1,0))+IF($C26="V",1,0)+IF($D26="V",1,0) -> 1 | F26: =(IF($B26="E",1,0))+IF($C26="E",1,0)+IF($D26="E",1,0) -> 0 | G26: =(IF($B26="O",1,0))+IF($C26="O",1,0)+IF($D26="O",1,0) -> 1 | H26: =(IF($B26="L",1,0))+IF($C26="L",1,0)+IF($D26="L",1,0) -> 1 | I26: =(IF(B26="V",1,0)) -> 1 | J26: =(IF(B26="E",1,0)) -> 0 | K26: =(IF(B26="O",1,0)) -> 0 | L26: =(IF(B26="L",1,0)) -> 0 | M26: =(IF(C26="V",1,0)) -> 0 | N26: =(IF(C26="E",1,0)) -> 0 | O26: =(IF(C26="O",1,0)) -> 0 | P26: =(IF(C26="L",1,0)) -> 1 | Q26: =(IF(D26="V",1,0)) -> 0 | R26: =(IF(D26="E",1,0)) -> 0 | S26: =(IF(D26="O",1,0)) -> 1 | T26: =(IF(D26="L",1,0)) -> 0 | U26: =MAX(E26-1,0) -> 0 | V26: =MAX(U26-1+F26,0) -> 0 | W26: =MAX(V26-1+G26,0) -> 0 | X26: =MAX(W26-1+H26,0) -> 0 | Y26: =0.5*(E26*I26+F26*J26+G26*K26+H26*L26-1)+(0+$U26*J26+$V26*K26+$W26*L26) -> 0 | Z26: =0.5*(E26*M26+F26*N26+G26*O26+H26*P26-1)+(0+$U26*N26+$V26*O26+$W26*P26) -> 0 | AA26: =0.5*(E26*Q26+F26*R26+G26*S26+H26*T26-1)+(0+$U26*R26+$V26*S26+$W26*T26) -> 0 | AB26: =IF(B26="V",-2,0)+IF(B26="E",-1,0)+IF(B26="O",0,0)+IF(B26="L",1,0)+Y26 -> -2 | AC26: =IF(C26="V",-2,0)+IF(C26="E",-1,0)+IF(C26="O",0,0)+IF(C26="L",1,0)+Z26 -> 1 | AD26: =IF(D26="V",-2,0)+IF(D26="E",-1,0)+IF(D26="O",0,0)+IF(D26="L",1,0)+AA26 -> 0 | AE26: =IF(B26="V",-2,0)+IF(B26="E",-1,0)+IF(B26="O",0,0)+IF(B26="L",1,0) -> -2 | AF26: =IF(B26="V",-2,0)+IF(B26="E",-1,0)+IF(B26="O",0,0)+IF(B26="L",1,0)+Y26 -> -2 | AG26: =IF(B26="V",-2,0)+IF(B26="E",-1,0)+IF(B26="O",0,0)+IF(B26="L",1,0)+Y26*2 -> -2 | AH26: =IF(C26="V",-2,0)+IF(C26="E",-1,0)+IF(C26="O",0,0)+IF(C26="L",1,0) -> 1 | AI26: =IF(C26="V",-2,0)+IF(C26="E",-1,0)+IF(C26="O",0,0)+IF(C26="L",1,0)+Z26 -> 1 | AJ26: =IF(C26="V",-2,0)+IF(C26="E",-1,0)+IF(C26="O",0,0)+IF(C26="L",1,0)+Z26*2 -> 1 | AK26: =IF(D26="V",-2,0)+IF(D26="E",-1,0)+IF(D26="O",0,0)+IF(D26="L",1,0) -> 0 | AL26: =IF(D26="V",-2,0)+IF(D26="E",-1,0)+IF(D26="O",0,0)+IF(D26="L",1,0)+AA26 -> 0 | AM26: =IF(D26="V",-2,0)+IF(D26="E",-1,0)+IF(D26="O",0,0)+IF(D26="L",1,0)+AA26*2 -> 0 | AN26: =(ABS(IF(AE26<0,AE26*Early,AE26*Late))+ABS(IF(AF26<0,AF26*Early,AF26*Late))+ABS(IF(AG26<0,AG26*Early,AG26*Late)))/3 -> 6 | AO26: =(ABS(IF(AH26<0,AH26*Early,AH26*Late))+ABS(IF(AI26<0,AI26*Early,AI26*Late))+ABS(IF(AJ26<0,AJ26*Early,AJ26*Late)))/3 -> 4 | AP26: =(ABS(IF(AK26<0,AK26*Early,AK26*Late))+ABS(IF(AL26<0,AL26*Early,AL26*Late))+ABS(IF(AM26<0,AM26*Early,AM26*Late)))/3 -> 0 | AQ26: =Y26*Delay+AN26 -> 6 | AR26: =Z26*Delay+AO26 -> 4 | AS26: =AA26*Delay+AP26 -> 0 | AT26: =IF(AQ26=MIN(AQ26:AQ29),1,0) -> 0 | AX26: =B26&C26&D26 -> VLO | AY26: =AQ26+AR26+AS26 -> 10 | AZ26: =RIGHT(AX26,2) -> LO | BA26: =LEFT(AX26,1)&RIGHT(AX26,1) -> VO | BB26: =LEFT(AX26,2) -> VL | BC26: =VLOOKUP(AZ26,TwoPlayers!$AG$1:$AH$17,2,FALSE()) -> 4 | BD26: =VLOOKUP(BA26,TwoPlayers!$AG$1:$AH$17,2,FALSE()) -> 6 | BE26: =VLOOKUP(BB26,TwoPlayers!$AG$1:$AH$17,2,FALSE()) -> 10 | BF26: =$AY26-BC26 -> 6 | BG26: =$AY26-BD26 -> 4 | BH26: =$AY26-BE26 -> 0 | BJ26: =AQ26+BF26 -> 12 | BK26: =AR26+BG26 -> 8 | BL26: =AS26+BH26 -> 0 | BM26: =IF(BJ26=MIN(BJ26:BJ30),1,0) -> 0
A27: 31 | B27: E | C27: L | D27: O | E27: =(IF($B27="V",1,0))+IF($C27="V",1,0)+IF($D27="V",1,0) -> 0 | F27: =(IF($B27="E",1,0))+IF($C27="E",1,0)+IF($D27="E",1,0) -> 1 | G27: =(IF($B27="O",1,0))+IF($C27="O",1,0)+IF($D27="O",1,0) -> 1 | H27: =(IF($B27="L",1,0))+IF($C27="L",1,0)+IF($D27="L",1,0) -> 1 | I27: =(IF(B27="V",1,0)) -> 0 | J27: =(IF(B27="E",1,0)) -> 1 | K27: =(IF(B27="O",1,0)) -> 0 | L27: =(IF(B27="L",1,0)) -> 0 | M27: =(IF(C27="V",1,0)) -> 0 | N27: =(IF(C27="E",1,0)) -> 0 | O27: =(IF(C27="O",1,0)) -> 0 | P27: =(IF(C27="L",1,0)) -> 1 | Q27: =(IF(D27="V",1,0)) -> 0 | R27: =(IF(D27="E",1,0)) -> 0 | S27: =(IF(D27="O",1,0)) -> 1 | T27: =(IF(D27="L",1,0)) -> 0 | U27: =MAX(E27-1,0) -> 0 | V27: =MAX(U27-1+F27,0) -> 0 | W27: =MAX(V27-1+G27,0) -> 0 | X27: =MAX(W27-1+H27,0) -> 0 | Y27: =0.5*(E27*I27+F27*J27+G27*K27+H27*L27-1)+(0+$U27*J27+$V27*K27+$W27*L27) -> 0 | Z27: =0.5*(E27*M27+F27*N27+G27*O27+H27*P27-1)+(0+$U27*N27+$V27*O27+$W27*P27) -> 0 | AA27: =0.5*(E27*Q27+F27*R27+G27*S27+H27*T27-1)+(0+$U27*R27+$V27*S27+$W27*T27) -> 0 | AB27: =IF(B27="V",-2,0)+IF(B27="E",-1,0)+IF(B27="O",0,0)+IF(B27="L",1,0)+Y27 -> -1 | AC27: =IF(C27="V",-2,0)+IF(C27="E",-1,0)+IF(C27="O",0,0)+IF(C27="L",1,0)+Z27 -> 1 | AD27: =IF(D27="V",-2,0)+IF(D27="E",-1,0)+IF(D27="O",0,0)+IF(D27="L",1,0)+AA27 -> 0 | AE27: =IF(B27="V",-2,0)+IF(B27="E",-1,0)+IF(B27="O",0,0)+IF(B27="L",1,0) -> -1 | AF27: =IF(B27="V",-2,0)+IF(B27="E",-1,0)+IF(B27="O",0,0)+IF(B27="L",1,0)+Y27 -> -1 | AG27: =IF(B27="V",-2,0)+IF(B27="E",-1,0)+IF(B27="O",0,0)+IF(B27="L",1,0)+Y27*2 -> -1 | AH27: =IF(C27="V",-2,0)+IF(C27="E",-1,0)+IF(C27="O",0,0)+IF(C27="L",1,0) -> 1 | AI27: =IF(C27="V",-2,0)+IF(C27="E",-1,0)+IF(C27="O",0,0)+IF(C27="L",1,0)+Z27 -> 1 | AJ27: =IF(C27="V",-2,0)+IF(C27="E",-1,0)+IF(C27="O",0,0)+IF(C27="L",1,0)+Z27*2 -> 1 | AK27: =IF(D27="V",-2,0)+IF(D27="E",-1,0)+IF(D27="O",0,0)+IF(D27="L",1,0) -> 0 | AL27: =IF(D27="V",-2,0)+IF(D27="E",-1,0)+IF(D27="O",0,0)+IF(D27="L",1,0)+AA27 -> 0 | AM27: =IF(D27="V",-2,0)+IF(D27="E",-1,0)+IF(D27="O",0,0)+IF(D27="L",1,0)+AA27*2 -> 0 | AN27: =(ABS(IF(AE27<0,AE27*Early,AE27*Late))+ABS(IF(AF27<0,AF27*Early,AF27*Late))+ABS(IF(AG27<0,AG27*Early,AG27*Late)))/3 -> 3 | AO27: =(ABS(IF(AH27<0,AH27*Early,AH27*Late))+ABS(IF(AI27<0,AI27*Early,AI27*Late))+ABS(IF(AJ27<0,AJ27*Early,AJ27*Late)))/3 -> 4 | AP27: =(ABS(IF(AK27<0,AK27*Early,AK27*Late))+ABS(IF(AL27<0,AL27*Early,AL27*Late))+ABS(IF(AM27<0,AM27*Early,AM27*Late)))/3 -> 0 | AQ27: =Y27*Delay+AN27 -> 3 | AR27: =Z27*Delay+AO27 -> 4 | AS27: =AA27*Delay+AP27 -> 0 | AT27: =IF(AQ27=MIN(AQ26:AQ29),1,0) -> 0 | AX27: =B27&C27&D27 -> ELO | AY27: =AQ27+AR27+AS27 -> 7 | AZ27: =RIGHT(AX27,2) -> LO | BA27: =LEFT(AX27,1)&RIGHT(AX27,1) -> EO | BB27: =LEFT(AX27,2) -> EL | BC27: =VLOOKUP(AZ27,TwoPlayers!$AG$1:$AH$17,2,FALSE()) -> 4 | BD27: =VLOOKUP(BA27,TwoPlayers!$AG$1:$AH$17,2,FALSE()) -> 3 | BE27: =VLOOKUP(BB27,TwoPlayers!$AG$1:$AH$17,2,FALSE()) -> 7 | BF27: =$AY27-BC27 -> 3 | BG27: =$AY27-BD27 -> 4 | BH27: =$AY27-BE27 -> 0 | BJ27: =AQ27+BF27 -> 6 | BK27: =AR27+BG27 -> 8 | BL27: =AS27+BH27 -> 0 | BM27: =IF(BJ27=MIN(BJ26:BJ30),1,0) -> 1
A28: 47 | B28: O | C28: L | D28: O | E28: =(IF($B28="V",1,0))+IF($C28="V",1,0)+IF($D28="V",1,0) -> 0 | F28: =(IF($B28="E",1,0))+IF($C28="E",1,0)+IF($D28="E",1,0) -> 0 | G28: =(IF($B28="O",1,0))+IF($C28="O",1,0)+IF($D28="O",1,0) -> 2 | H28: =(IF($B28="L",1,0))+IF($C28="L",1,0)+IF($D28="L",1,0) -> 1 | I28: =(IF(B28="V",1,0)) -> 0 | J28: =(IF(B28="E",1,0)) -> 0 | K28: =(IF(B28="O",1,0)) -> 1 | L28: =(IF(B28="L",1,0)) -> 0 | M28: =(IF(C28="V",1,0)) -> 0 | N28: =(IF(C28="E",1,0)) -> 0 | O28: =(IF(C28="O",1,0)) -> 0 | P28: =(IF(C28="L",1,0)) -> 1 | Q28: =(IF(D28="V",1,0)) -> 0 | R28: =(IF(D28="E",1,0)) -> 0 | S28: =(IF(D28="O",1,0)) -> 1 | T28: =(IF(D28="L",1,0)) -> 0 | U28: =MAX(E28-1,0) -> 0 | V28: =MAX(U28-1+F28,0) -> 0 | W28: =MAX(V28-1+G28,0) -> 1 | X28: =MAX(W28-1+H28,0) -> 1 | Y28: =0.5*(E28*I28+F28*J28+G28*K28+H28*L28-1)+(0+$U28*J28+$V28*K28+$W28*L28) -> 0.5 | Z28: =0.5*(E28*M28+F28*N28+G28*O28+H28*P28-1)+(0+$U28*N28+$V28*O28+$W28*P28) -> 1 | AA28: =0.5*(E28*Q28+F28*R28+G28*S28+H28*T28-1)+(0+$U28*R28+$V28*S28+$W28*T28) -> 0.5 | AB28: =IF(B28="V",-2,0)+IF(B28="E",-1,0)+IF(B28="O",0,0)+IF(B28="L",1,0)+Y28 -> 0.5 | AC28: =IF(C28="V",-2,0)+IF(C28="E",-1,0)+IF(C28="O",0,0)+IF(C28="L",1,0)+Z28 -> 2 | AD28: =IF(D28="V",-2,0)+IF(D28="E",-1,0)+IF(D28="O",0,0)+IF(D28="L",1,0)+AA28 -> 0.5 | AE28: =IF(B28="V",-2,0)+IF(B28="E",-1,0)+IF(B28="O",0,0)+IF(B28="L",1,0) -> 0 | AF28: =IF(B28="V",-2,0)+IF(B28="E",-1,0)+IF(B28="O",0,0)+IF(B28="L",1,0)+Y28 -> 0.5 | AG28: =IF(B28="V",-2,0)+IF(B28="E",-1,0)+IF(B28="O",0,0)+IF(B28="L",1,0)+Y28*2 -> 1 | AH28: =IF(C28="V",-2,0)+IF(C28="E",-1,0)+IF(C28="O",0,0)+IF(C28="L",1,0) -> 1 | AI28: =IF(C28="V",-2,0)+IF(C28="E",-1,0)+IF(C28="O",0,0)+IF(C28="L",1,0)+Z28 -> 2 | AJ28: =IF(C28="V",-2,0)+IF(C28="E",-1,0)+IF(C28="O",0,0)+IF(C28="L",1,0)+Z28*2 -> 3 | AK28: =IF(D28="V",-2,0)+IF(D28="E",-1,0)+IF(D28="O",0,0)+IF(D28="L",1,0) -> 0 | AL28: =IF(D28="V",-2,0)+IF(D28="E",-1,0)+IF(D28="O",0,0)+IF(D28="L",1,0)+AA28 -> 0.5 | AM28: =IF(D28="V",-2,0)+IF(D28="E",-1,0)+IF(D28="O",0,0)+IF(D28="L",1,0)+AA28*2 -> 1 | AN28: =(ABS(IF(AE28<0,AE28*Early,AE28*Late))+ABS(IF(AF28<0,AF28*Early,AF28*Late))+ABS(IF(AG28<0,AG28*Early,AG28*Late)))/3 -> 2 | AO28: =(ABS(IF(AH28<0,AH28*Early,AH28*Late))+ABS(IF(AI28<0,AI28*Early,AI28*Late))+ABS(IF(AJ28<0,AJ28*Early,AJ28*Late)))/3 -> 8 | AP28: =(ABS(IF(AK28<0,AK28*Early,AK28*Late))+ABS(IF(AL28<0,AL28*Early,AL28*Late))+ABS(IF(AM28<0,AM28*Early,AM28*Late)))/3 -> 2 | AQ28: =Y28*Delay+AN28 -> 2.5 | AR28: =Z28*Delay+AO28 -> 9 | AS28: =AA28*Delay+AP28 -> 2.5 | AT28: =IF(AQ28=MIN(AQ26:AQ29),1,0) -> 1 | AX28: =B28&C28&D28 -> OLO | AY28: =AQ28+AR28+AS28 -> 14 | AZ28: =RIGHT(AX28,2) -> LO | BA28: =LEFT(AX28,1)&RIGHT(AX28,1) -> OO | BB28: =LEFT(AX28,2) -> OL | BC28: =VLOOKUP(AZ28,TwoPlayers!$AG$1:$AH$17,2,FALSE()) -> 4 | BD28: =VLOOKUP(BA28,TwoPlayers!$AG$1:$AH$17,2,FALSE()) -> 5 | BE28: =VLOOKUP(BB28,TwoPlayers!$AG$1:$AH$17,2,FALSE()) -> 4 | BF28: =$AY28-BC28 -> 10 | BG28: =$AY28-BD28 -> 9 | BH28: =$AY28-BE28 -> 10 | BJ28: =AQ28+BF28 -> 12.5 | BK28: =AR28+BG28 -> 18 | BL28: =AS28+BH28 -> 12.5 | BM28: =IF(BJ28=MIN(BJ26:BJ30),1,0) -> 0
A29: 63 | B29: L | C29: L | D29: O | E29: =(IF($B29="V",1,0))+IF($C29="V",1,0)+IF($D29="V",1,0) -> 0 | F29: =(IF($B29="E",1,0))+IF($C29="E",1,0)+IF($D29="E",1,0) -> 0 | G29: =(IF($B29="O",1,0))+IF($C29="O",1,0)+IF($D29="O",1,0) -> 1 | H29: =(IF($B29="L",1,0))+IF($C29="L",1,0)+IF($D29="L",1,0) -> 2 | I29: =(IF(B29="V",1,0)) -> 0 | J29: =(IF(B29="E",1,0)) -> 0 | K29: =(IF(B29="O",1,0)) -> 0 | L29: =(IF(B29="L",1,0)) -> 1 | M29: =(IF(C29="V",1,0)) -> 0 | N29: =(IF(C29="E",1,0)) -> 0 | O29: =(IF(C29="O",1,0)) -> 0 | P29: =(IF(C29="L",1,0)) -> 1 | Q29: =(IF(D29="V",1,0)) -> 0 | R29: =(IF(D29="E",1,0)) -> 0 | S29: =(IF(D29="O",1,0)) -> 1 | T29: =(IF(D29="L",1,0)) -> 0 | U29: =MAX(E29-1,0) -> 0 | V29: =MAX(U29-1+F29,0) -> 0 | W29: =MAX(V29-1+G29,0) -> 0 | X29: =MAX(W29-1+H29,0) -> 1 | Y29: =0.5*(E29*I29+F29*J29+G29*K29+H29*L29-1)+(0+$U29*J29+$V29*K29+$W29*L29) -> 0.5 | Z29: =0.5*(E29*M29+F29*N29+G29*O29+H29*P29-1)+(0+$U29*N29+$V29*O29+$W29*P29) -> 0.5 | AA29: =0.5*(E29*Q29+F29*R29+G29*S29+H29*T29-1)+(0+$U29*R29+$V29*S29+$W29*T29) -> 0 | AB29: =IF(B29="V",-2,0)+IF(B29="E",-1,0)+IF(B29="O",0,0)+IF(B29="L",1,0)+Y29 -> 1.5 | AC29: =IF(C29="V",-2,0)+IF(C29="E",-1,0)+IF(C29="O",0,0)+IF(C29="L",1,0)+Z29 -> 1.5 | AD29: =IF(D29="V",-2,0)+IF(D29="E",-1,0)+IF(D29="O",0,0)+IF(D29="L",1,0)+AA29 -> 0 | AE29: =IF(B29="V",-2,0)+IF(B29="E",-1,0)+IF(B29="O",0,0)+IF(B29="L",1,0) -> 1 | AF29: =IF(B29="V",-2,0)+IF(B29="E",-1,0)+IF(B29="O",0,0)+IF(B29="L",1,0)+Y29 -> 1.5 | AG29: =IF(B29="V",-2,0)+IF(B29="E",-1,0)+IF(B29="O",0,0)+IF(B29="L",1,0)+Y29*2 -> 2 | AH29: =IF(C29="V",-2,0)+IF(C29="E",-1,0)+IF(C29="O",0,0)+IF(C29="L",1,0) -> 1 | AI29: =IF(C29="V",-2,0)+IF(C29="E",-1,0)+IF(C29="O",0,0)+IF(C29="L",1,0)+Z29 -> 1.5 | AJ29: =IF(C29="V",-2,0)+IF(C29="E",-1,0)+IF(C29="O",0,0)+IF(C29="L",1,0)+Z29*2 -> 2 | AK29: =IF(D29="V",-2,0)+IF(D29="E",-1,0)+IF(D29="O",0,0)+IF(D29="L",1,0) -> 0 | AL29: =IF(D29="V",-2,0)+IF(D29="E",-1,0)+IF(D29="O",0,0)+IF(D29="L",1,0)+AA29 -> 0 | AM29: =IF(D29="V",-2,0)+IF(D29="E",-1,0)+IF(D29="O",0,0)+IF(D29="L",1,0)+AA29*2 -> 0 | AN29: =(ABS(IF(AE29<0,AE29*Early,AE29*Late))+ABS(IF(AF29<0,AF29*Early,AF29*Late))+ABS(IF(AG29<0,AG29*Early,AG29*Late)))/3 -> 6 | AO29: =(ABS(IF(AH29<0,AH29*Early,AH29*Late))+ABS(IF(AI29<0,AI29*Early,AI29*Late))+ABS(IF(AJ29<0,AJ29*Early,AJ29*Late)))/3 -> 6 | AP29: =(ABS(IF(AK29<0,AK29*Early,AK29*Late))+ABS(IF(AL29<0,AL29*Early,AL29*Late))+ABS(IF(AM29<0,AM29*Early,AM29*Late)))/3 -> 0 | AQ29: =Y29*Delay+AN29 -> 6.5 | AR29: =Z29*Delay+AO29 -> 6.5 | AS29: =AA29*Delay+AP29 -> 0 | AT29: =IF(AQ29=MIN(AQ26:AQ29),1,0) -> 0 | AX29: =B29&C29&D29 -> LLO | AY29: =AQ29+AR29+AS29 -> 13 | AZ29: =RIGHT(AX29,2) -> LO | BA29: =LEFT(AX29,1)&RIGHT(AX29,1) -> LO | BB29: =LEFT(AX29,2) -> LL | BC29: =VLOOKUP(AZ29,TwoPlayers!$AG$1:$AH$17,2,FALSE()) -> 4 | BD29: =VLOOKUP(BA29,TwoPlayers!$AG$1:$AH$17,2,FALSE()) -> 4 | BE29: =VLOOKUP(BB29,TwoPlayers!$AG$1:$AH$17,2,FALSE()) -> 13 | BF29: =$AY29-BC29 -> 9 | BG29: =$AY29-BD29 -> 9 | BH29: =$AY29-BE29 -> 0 | BJ29: =AQ29+BF29 -> 15.5 | BK29: =AR29+BG29 -> 15.5 | BL29: =AS29+BH29 -> 0 | BM29: =IF(BJ29=MIN(BJ26:BJ30),1,0) -> 0
A30: 13 | B30: V | C30: L | D30: V | E30: =(IF($B30="V",1,0))+IF($C30="V",1,0)+IF($D30="V",1,0) -> 2 | F30: =(IF($B30="E",1,0))+IF($C30="E",1,0)+IF($D30="E",1,0) -> 0 | G30: =(IF($B30="O",1,0))+IF($C30="O",1,0)+IF($D30="O",1,0) -> 0 | H30: =(IF($B30="L",1,0))+IF($C30="L",1,0)+IF($D30="L",1,0) -> 1 | I30: =(IF(B30="V",1,0)) -> 1 | J30: =(IF(B30="E",1,0)) -> 0 | K30: =(IF(B30="O",1,0)) -> 0 | L30: =(IF(B30="L",1,0)) -> 0 | M30: =(IF(C30="V",1,0)) -> 0 | N30: =(IF(C30="E",1,0)) -> 0 | O30: =(IF(C30="O",1,0)) -> 0 | P30: =(IF(C30="L",1,0)) -> 1 | Q30: =(IF(D30="V",1,0)) -> 1 | R30: =(IF(D30="E",1,0)) -> 0 | S30: =(IF(D30="O",1,0)) -> 0 | T30: =(IF(D30="L",1,0)) -> 0 | U30: =MAX(E30-1,0) -> 1 | V30: =MAX(U30-1+F30,0) -> 0 | W30: =MAX(V30-1+G30,0) -> 0 | X30: =MAX(W30-1+H30,0) -> 0 | Y30: =0.5*(E30*I30+F30*J30+G30*K30+H30*L30-1)+(0+$U30*J30+$V30*K30+$W30*L30) -> 0.5 | Z30: =0.5*(E30*M30+F30*N30+G30*O30+H30*P30-1)+(0+$U30*N30+$V30*O30+$W30*P30) -> 0 | AA30: =0.5*(E30*Q30+F30*R30+G30*S30+H30*T30-1)+(0+$U30*R30+$V30*S30+$W30*T30) -> 0.5 | AB30: =IF(B30="V",-2,0)+IF(B30="E",-1,0)+IF(B30="O",0,0)+IF(B30="L",1,0)+Y30 -> -1.5 | AC30: =IF(C30="V",-2,0)+IF(C30="E",-1,0)+IF(C30="O",0,0)+IF(C30="L",1,0)+Z30 -> 1 | AD30: =IF(D30="V",-2,0)+IF(D30="E",-1,0)+IF(D30="O",0,0)+IF(D30="L",1,0)+AA30 -> -1.5 | AE30: =IF(B30="V",-2,0)+IF(B30="E",-1,0)+IF(B30="O",0,0)+IF(B30="L",1,0) -> -2 | AF30: =IF(B30="V",-2,0)+IF(B30="E",-1,0)+IF(B30="O",0,0)+IF(B30="L",1,0)+Y30 -> -1.5 | AG30: =IF(B30="V",-2,0)+IF(B30="E",-1,0)+IF(B30="O",0,0)+IF(B30="L",1,0)+Y30*2 -> -1 | AH30: =IF(C30="V",-2,0)+IF(C30="E",-1,0)+IF(C30="O",0,0)+IF(C30="L",1,0) -> 1 | AI30: =IF(C30="V",-2,0)+IF(C30="E",-1,0)+IF(C30="O",0,0)+IF(C30="L",1,0)+Z30 -> 1 | AJ30: =IF(C30="V",-2,0)+IF(C30="E",-1,0)+IF(C30="O",0,0)+IF(C30="L",1,0)+Z30*2 -> 1 | AK30: =IF(D30="V",-2,0)+IF(D30="E",-1,0)+IF(D30="O",0,0)+IF(D30="L",1,0) -> -2 | AL30: =IF(D30="V",-2,0)+IF(D30="E",-1,0)+IF(D30="O",0,0)+IF(D30="L",1,0)+AA30 -> -1.5 | AM30: =IF(D30="V",-2,0)+IF(D30="E",-1,0)+IF(D30="O",0,0)+IF(D30="L",1,0)+AA30*2 -> -1 | AN30: =(ABS(IF(AE30<0,AE30*Early,AE30*Late))+ABS(IF(AF30<0,AF30*Early,AF30*Late))+ABS(IF(AG30<0,AG30*Early,AG30*Late)))/3 -> 4.5 | AO30: =(ABS(IF(AH30<0,AH30*Early,AH30*Late))+ABS(IF(AI30<0,AI30*Early,AI30*Late))+ABS(IF(AJ30<0,AJ30*Early,AJ30*Late)))/3 -> 4 | AP30: =(ABS(IF(AK30<0,AK30*Early,AK30*Late))+ABS(IF(AL30<0,AL30*Early,AL30*Late))+ABS(IF(AM30<0,AM30*Early,AM30*Late)))/3 -> 4.5 | AQ30: =Y30*Delay+AN30 -> 5 | AR30: =Z30*Delay+AO30 -> 4 | AS30: =AA30*Delay+AP30 -> 5 | AT30: =IF(AQ30=MIN(AQ30:AQ33),1,0) -> 0 | AX30: =B30&C30&D30 -> VLV | AY30: =AQ30+AR30+AS30 -> 14 | AZ30: =RIGHT(AX30,2) -> LV | BA30: =LEFT(AX30,1)&RIGHT(AX30,1) -> VV | BB30: =LEFT(AX30,2) -> VL | BC30: =VLOOKUP(AZ30,TwoPlayers!$AG$1:$AH$17,2,FALSE()) -> 10 | BD30: =VLOOKUP(BA30,TwoPlayers!$AG$1:$AH$17,2,FALSE()) -> 10 | BE30: =VLOOKUP(BB30,TwoPlayers!$AG$1:$AH$17,2,FALSE()) -> 10 | BF30: =$AY30-BC30 -> 4 | BG30: =$AY30-BD30 -> 4 | BH30: =$AY30-BE30 -> 4 | BJ30: =AQ30+BF30 -> 9 | BK30: =AR30+BG30 -> 8 | BL30: =AS30+BH30 -> 9 | BM30: =IF(BJ30=MIN(BJ30:BJ34),1,0) -> 0
A31: 29 | B31: E | C31: L | D31: V | E31: =(IF($B31="V",1,0))+IF($C31="V",1,0)+IF($D31="V",1,0) -> 1 | F31: =(IF($B31="E",1,0))+IF($C31="E",1,0)+IF($D31="E",1,0) -> 1 | G31: =(IF($B31="O",1,0))+IF($C31="O",1,0)+IF($D31="O",1,0) -> 0 | H31: =(IF($B31="L",1,0))+IF($C31="L",1,0)+IF($D31="L",1,0) -> 1 | I31: =(IF(B31="V",1,0)) -> 0 | J31: =(IF(B31="E",1,0)) -> 1 | K31: =(IF(B31="O",1,0)) -> 0 | L31: =(IF(B31="L",1,0)) -> 0 | M31: =(IF(C31="V",1,0)) -> 0 | N31: =(IF(C31="E",1,0)) -> 0 | O31: =(IF(C31="O",1,0)) -> 0 | P31: =(IF(C31="L",1,0)) -> 1 | Q31: =(IF(D31="V",1,0)) -> 1 | R31: =(IF(D31="E",1,0)) -> 0 | S31: =(IF(D31="O",1,0)) -> 0 | T31: =(IF(D31="L",1,0)) -> 0 | U31: =MAX(E31-1,0) -> 0 | V31: =MAX(U31-1+F31,0) -> 0 | W31: =MAX(V31-1+G31,0) -> 0 | X31: =MAX(W31-1+H31,0) -> 0 | Y31: =0.5*(E31*I31+F31*J31+G31*K31+H31*L31-1)+(0+$U31*J31+$V31*K31+$W31*L31) -> 0 | Z31: =0.5*(E31*M31+F31*N31+G31*O31+H31*P31-1)+(0+$U31*N31+$V31*O31+$W31*P31) -> 0 | AA31: =0.5*(E31*Q31+F31*R31+G31*S31+H31*T31-1)+(0+$U31*R31+$V31*S31+$W31*T31) -> 0 | AB31: =IF(B31="V",-2,0)+IF(B31="E",-1,0)+IF(B31="O",0,0)+IF(B31="L",1,0)+Y31 -> -1 | AC31: =IF(C31="V",-2,0)+IF(C31="E",-1,0)+IF(C31="O",0,0)+IF(C31="L",1,0)+Z31 -> 1 | AD31: =IF(D31="V",-2,0)+IF(D31="E",-1,0)+IF(D31="O",0,0)+IF(D31="L",1,0)+AA31 -> -2 | AE31: =IF(B31="V",-2,0)+IF(B31="E",-1,0)+IF(B31="O",0,0)+IF(B31="L",1,0) -> -1 | AF31: =IF(B31="V",-2,0)+IF(B31="E",-1,0)+IF(B31="O",0,0)+IF(B31="L",1,0)+Y31 -> -1 | AG31: =IF(B31="V",-2,0)+IF(B31="E",-1,0)+IF(B31="O",0,0)+IF(B31="L",1,0)+Y31*2 -> -1 | AH31: =IF(C31="V",-2,0)+IF(C31="E",-1,0)+IF(C31="O",0,0)+IF(C31="L",1,0) -> 1 | AI31: =IF(C31="V",-2,0)+IF(C31="E",-1,0)+IF(C31="O",0,0)+IF(C31="L",1,0)+Z31 -> 1 | AJ31: =IF(C31="V",-2,0)+IF(C31="E",-1,0)+IF(C31="O",0,0)+IF(C31="L",1,0)+Z31*2 -> 1 | AK31: =IF(D31="V",-2,0)+IF(D31="E",-1,0)+IF(D31="O",0,0)+IF(D31="L",1,0) -> -2 | AL31: =IF(D31="V",-2,0)+IF(D31="E",-1,0)+IF(D31="O",0,0)+IF(D31="L",1,0)+AA31 -> -2 | AM31: =IF(D31="V",-2,0)+IF(D31="E",-1,0)+IF(D31="O",0,0)+IF(D31="L",1,0)+AA31*2 -> -2 | AN31: =(ABS(IF(AE31<0,AE31*Early,AE31*Late))+ABS(IF(AF31<0,AF31*Early,AF31*Late))+ABS(IF(AG31<0,AG31*Early,AG31*Late)))/3 -> 3 | AO31: =(ABS(IF(AH31<0,AH31*Early,AH31*Late))+ABS(IF(AI31<0,AI31*Early,AI31*Late))+ABS(IF(AJ31<0,AJ31*Early,AJ31*Late)))/3 -> 4 | AP31: =(ABS(IF(AK31<0,AK31*Early,AK31*Late))+ABS(IF(AL31<0,AL31*Early,AL31*Late))+ABS(IF(AM31<0,AM31*Early,AM31*Late)))/3 -> 6 | AQ31: =Y31*Delay+AN31 -> 3 | AR31: =Z31*Delay+AO31 -> 4 | AS31: =AA31*Delay+AP31 -> 6 | AT31: =IF(AQ31=MIN(AQ30:AQ33),1,0) -> 0 | AX31: =B31&C31&D31 -> ELV | AY31: =AQ31+AR31+AS31 -> 13 | AZ31: =RIGHT(AX31,2) -> LV | BA31: =LEFT(AX31,1)&RIGHT(AX31,1) -> EV | BB31: =LEFT(AX31,2) -> EL | BC31: =VLOOKUP(AZ31,TwoPlayers!$AG$1:$AH$17,2,FALSE()) -> 10 | BD31: =VLOOKUP(BA31,TwoPlayers!$AG$1:$AH$17,2,FALSE()) -> 9 | BE31: =VLOOKUP(BB31,TwoPlayers!$AG$1:$AH$17,2,FALSE()) -> 7 | BF31: =$AY31-BC31 -> 3 | BG31: =$AY31-BD31 -> 4 | BH31: =$AY31-BE31 -> 6 | BJ31: =AQ31+BF31 -> 6 | BK31: =AR31+BG31 -> 8 | BL31: =AS31+BH31 -> 12 | BM31: =IF(BJ31=MIN(BJ30:BJ34),1,0) -> 0
A32: 45 | B32: O | C32: L | D32: V | E32: =(IF($B32="V",1,0))+IF($C32="V",1,0)+IF($D32="V",1,0) -> 1 | F32: =(IF($B32="E",1,0))+IF($C32="E",1,0)+IF($D32="E",1,0) -> 0 | G32: =(IF($B32="O",1,0))+IF($C32="O",1,0)+IF($D32="O",1,0) -> 1 | H32: =(IF($B32="L",1,0))+IF($C32="L",1,0)+IF($D32="L",1,0) -> 1 | I32: =(IF(B32="V",1,0)) -> 0 | J32: =(IF(B32="E",1,0)) -> 0 | K32: =(IF(B32="O",1,0)) -> 1 | L32: =(IF(B32="L",1,0)) -> 0 | M32: =(IF(C32="V",1,0)) -> 0 | N32: =(IF(C32="E",1,0)) -> 0 | O32: =(IF(C32="O",1,0)) -> 0 | P32: =(IF(C32="L",1,0)) -> 1 | Q32: =(IF(D32="V",1,0)) -> 1 | R32: =(IF(D32="E",1,0)) -> 0 | S32: =(IF(D32="O",1,0)) -> 0 | T32: =(IF(D32="L",1,0)) -> 0 | U32: =MAX(E32-1,0) -> 0 | V32: =MAX(U32-1+F32,0) -> 0 | W32: =MAX(V32-1+G32,0) -> 0 | X32: =MAX(W32-1+H32,0) -> 0 | Y32: =0.5*(E32*I32+F32*J32+G32*K32+H32*L32-1)+(0+$U32*J32+$V32*K32+$W32*L32) -> 0 | Z32: =0.5*(E32*M32+F32*N32+G32*O32+H32*P32-1)+(0+$U32*N32+$V32*O32+$W32*P32) -> 0 | AA32: =0.5*(E32*Q32+F32*R32+G32*S32+H32*T32-1)+(0+$U32*R32+$V32*S32+$W32*T32) -> 0 | AB32: =IF(B32="V",-2,0)+IF(B32="E",-1,0)+IF(B32="O",0,0)+IF(B32="L",1,0)+Y32 -> 0 | AC32: =IF(C32="V",-2,0)+IF(C32="E",-1,0)+IF(C32="O",0,0)+IF(C32="L",1,0)+Z32 -> 1 | AD32: =IF(D32="V",-2,0)+IF(D32="E",-1,0)+IF(D32="O",0,0)+IF(D32="L",1,0)+AA32 -> -2 | AE32: =IF(B32="V",-2,0)+IF(B32="E",-1,0)+IF(B32="O",0,0)+IF(B32="L",1,0) -> 0 | AF32: =IF(B32="V",-2,0)+IF(B32="E",-1,0)+IF(B32="O",0,0)+IF(B32="L",1,0)+Y32 -> 0 | AG32: =IF(B32="V",-2,0)+IF(B32="E",-1,0)+IF(B32="O",0,0)+IF(B32="L",1,0)+Y32*2 -> 0 | AH32: =IF(C32="V",-2,0)+IF(C32="E",-1,0)+IF(C32="O",0,0)+IF(C32="L",1,0) -> 1 | AI32: =IF(C32="V",-2,0)+IF(C32="E",-1,0)+IF(C32="O",0,0)+IF(C32="L",1,0)+Z32 -> 1 | AJ32: =IF(C32="V",-2,0)+IF(C32="E",-1,0)+IF(C32="O",0,0)+IF(C32="L",1,0)+Z32*2 -> 1 | AK32: =IF(D32="V",-2,0)+IF(D32="E",-1,0)+IF(D32="O",0,0)+IF(D32="L",1,0) -> -2 | AL32: =IF(D32="V",-2,0)+IF(D32="E",-1,0)+IF(D32="O",0,0)+IF(D32="L",1,0)+AA32 -> -2 | AM32: =IF(D32="V",-2,0)+IF(D32="E",-1,0)+IF(D32="O",0,0)+IF(D32="L",1,0)+AA32*2 -> -2 | AN32: =(ABS(IF(AE32<0,AE32*Early,AE32*Late))+ABS(IF(AF32<0,AF32*Early,AF32*Late))+ABS(IF(AG32<0,AG32*Early,AG32*Late)))/3 -> 0 | AO32: =(ABS(IF(AH32<0,AH32*Early,AH32*Late))+ABS(IF(AI32<0,AI32*Early,AI32*Late))+ABS(IF(AJ32<0,AJ32*Early,AJ32*Late)))/3 -> 4 | AP32: =(ABS(IF(AK32<0,AK32*Early,AK32*Late))+ABS(IF(AL32<0,AL32*Early,AL32*Late))+ABS(IF(AM32<0,AM32*Early,AM32*Late)))/3 -> 6 | AQ32: =Y32*Delay+AN32 -> 0 | AR32: =Z32*Delay+AO32 -> 4 | AS32: =AA32*Delay+AP32 -> 6 | AT32: =IF(AQ32=MIN(AQ30:AQ33),1,0) -> 1 | AX32: =B32&C32&D32 -> OLV | AY32: =AQ32+AR32+AS32 -> 10 | AZ32: =RIGHT(AX32,2) -> LV | BA32: =LEFT(AX32,1)&RIGHT(AX32,1) -> OV | BB32: =LEFT(AX32,2) -> OL | BC32: =VLOOKUP(AZ32,TwoPlayers!$AG$1:$AH$17,2,FALSE()) -> 10 | BD32: =VLOOKUP(BA32,TwoPlayers!$AG$1:$AH$17,2,FALSE()) -> 6 | BE32: =VLOOKUP(BB32,TwoPlayers!$AG$1:$AH$17,2,FALSE()) -> 4 | BF32: =$AY32-BC32 -> 0 | BG32: =$AY32-BD32 -> 4 | BH32: =$AY32-BE32 -> 6 | BJ32: =AQ32+BF32 -> 0 | BK32: =AR32+BG32 -> 8 | BL32: =AS32+BH32 -> 12 | BM32: =IF(BJ32=MIN(BJ30:BJ34),1,0) -> 1
A33: 61 | B33: L | C33: L | D33: V | E33: =(IF($B33="V",1,0))+IF($C33="V",1,0)+IF($D33="V",1,0) -> 1 | F33: =(IF($B33="E",1,0))+IF($C33="E",1,0)+IF($D33="E",1,0) -> 0 | G33: =(IF($B33="O",1,0))+IF($C33="O",1,0)+IF($D33="O",1,0) -> 0 | H33: =(IF($B33="L",1,0))+IF($C33="L",1,0)+IF($D33="L",1,0) -> 2 | I33: =(IF(B33="V",1,0)) -> 0 | J33: =(IF(B33="E",1,0)) -> 0 | K33: =(IF(B33="O",1,0)) -> 0 | L33: =(IF(B33="L",1,0)) -> 1 | M33: =(IF(C33="V",1,0)) -> 0 | N33: =(IF(C33="E",1,0)) -> 0 | O33: =(IF(C33="O",1,0)) -> 0 | P33: =(IF(C33="L",1,0)) -> 1 | Q33: =(IF(D33="V",1,0)) -> 1 | R33: =(IF(D33="E",1,0)) -> 0 | S33: =(IF(D33="O",1,0)) -> 0 | T33: =(IF(D33="L",1,0)) -> 0 | U33: =MAX(E33-1,0) -> 0 | V33: =MAX(U33-1+F33,0) -> 0 | W33: =MAX(V33-1+G33,0) -> 0 | X33: =MAX(W33-1+H33,0) -> 1 | Y33: =0.5*(E33*I33+F33*J33+G33*K33+H33*L33-1)+(0+$U33*J33+$V33*K33+$W33*L33) -> 0.5 | Z33: =0.5*(E33*M33+F33*N33+G33*O33+H33*P33-1)+(0+$U33*N33+$V33*O33+$W33*P33) -> 0.5 | AA33: =0.5*(E33*Q33+F33*R33+G33*S33+H33*T33-1)+(0+$U33*R33+$V33*S33+$W33*T33) -> 0 | AB33: =IF(B33="V",-2,0)+IF(B33="E",-1,0)+IF(B33="O",0,0)+IF(B33="L",1,0)+Y33 -> 1.5 | AC33: =IF(C33="V",-2,0)+IF(C33="E",-1,0)+IF(C33="O",0,0)+IF(C33="L",1,0)+Z33 -> 1.5 | AD33: =IF(D33="V",-2,0)+IF(D33="E",-1,0)+IF(D33="O",0,0)+IF(D33="L",1,0)+AA33 -> -2 | AE33: =IF(B33="V",-2,0)+IF(B33="E",-1,0)+IF(B33="O",0,0)+IF(B33="L",1,0) -> 1 | AF33: =IF(B33="V",-2,0)+IF(B33="E",-1,0)+IF(B33="O",0,0)+IF(B33="L",1,0)+Y33 -> 1.5 | AG33: =IF(B33="V",-2,0)+IF(B33="E",-1,0)+IF(B33="O",0,0)+IF(B33="L",1,0)+Y33*2 -> 2 | AH33: =IF(C33="V",-2,0)+IF(C33="E",-1,0)+IF(C33="O",0,0)+IF(C33="L",1,0) -> 1 | AI33: =IF(C33="V",-2,0)+IF(C33="E",-1,0)+IF(C33="O",0,0)+IF(C33="L",1,0)+Z33 -> 1.5 | AJ33: =IF(C33="V",-2,0)+IF(C33="E",-1,0)+IF(C33="O",0,0)+IF(C33="L",1,0)+Z33*2 -> 2 | AK33: =IF(D33="V",-2,0)+IF(D33="E",-1,0)+IF(D33="O",0,0)+IF(D33="L",1,0) -> -2 | AL33: =IF(D33="V",-2,0)+IF(D33="E",-1,0)+IF(D33="O",0,0)+IF(D33="L",1,0)+AA33 -> -2 | AM33: =IF(D33="V",-2,0)+IF(D33="E",-1,0)+IF(D33="O",0,0)+IF(D33="L",1,0)+AA33*2 -> -2 | AN33: =(ABS(IF(AE33<0,AE33*Early,AE33*Late))+ABS(IF(AF33<0,AF33*Early,AF33*Late))+ABS(IF(AG33<0,AG33*Early,AG33*Late)))/3 -> 6 | AO33: =(ABS(IF(AH33<0,AH33*Early,AH33*Late))+ABS(IF(AI33<0,AI33*Early,AI33*Late))+ABS(IF(AJ33<0,AJ33*Early,AJ33*Late)))/3 -> 6 | AP33: =(ABS(IF(AK33<0,AK33*Early,AK33*Late))+ABS(IF(AL33<0,AL33*Early,AL33*Late))+ABS(IF(AM33<0,AM33*Early,AM33*Late)))/3 -> 6 | AQ33: =Y33*Delay+AN33 -> 6.5 | AR33: =Z33*Delay+AO33 -> 6.5 | AS33: =AA33*Delay+AP33 -> 6 | AT33: =IF(AQ33=MIN(AQ30:AQ33),1,0) -> 0 | AX33: =B33&C33&D33 -> LLV | AY33: =AQ33+AR33+AS33 -> 19 | AZ33: =RIGHT(AX33,2) -> LV | BA33: =LEFT(AX33,1)&RIGHT(AX33,1) -> LV | BB33: =LEFT(AX33,2) -> LL | BC33: =VLOOKUP(AZ33,TwoPlayers!$AG$1:$AH$17,2,FALSE()) -> 10 | BD33: =VLOOKUP(BA33,TwoPlayers!$AG$1:$AH$17,2,FALSE()) -> 10 | BE33: =VLOOKUP(BB33,TwoPlayers!$AG$1:$AH$17,2,FALSE()) -> 13 | BF33: =$AY33-BC33 -> 9 | BG33: =$AY33-BD33 -> 9 | BH33: =$AY33-BE33 -> 6 | BJ33: =AQ33+BF33 -> 15.5 | BK33: =AR33+BG33 -> 15.5 | BL33: =AS33+BH33 -> 12 | BM33: =IF(BJ33=MIN(BJ30:BJ34),1,0) -> 0
A34: 10 | B34: V | C34: O | D34: E | E34: =(IF($B34="V",1,0))+IF($C34="V",1,0)+IF($D34="V",1,0) -> 1 | F34: =(IF($B34="E",1,0))+IF($C34="E",1,0)+IF($D34="E",1,0) -> 1 | G34: =(IF($B34="O",1,0))+IF($C34="O",1,0)+IF($D34="O",1,0) -> 1 | H34: =(IF($B34="L",1,0))+IF($C34="L",1,0)+IF($D34="L",1,0) -> 0 | I34: =(IF(B34="V",1,0)) -> 1 | J34: =(IF(B34="E",1,0)) -> 0 | K34: =(IF(B34="O",1,0)) -> 0 | L34: =(IF(B34="L",1,0)) -> 0 | M34: =(IF(C34="V",1,0)) -> 0 | N34: =(IF(C34="E",1,0)) -> 0 | O34: =(IF(C34="O",1,0)) -> 1 | P34: =(IF(C34="L",1,0)) -> 0 | Q34: =(IF(D34="V",1,0)) -> 0 | R34: =(IF(D34="E",1,0)) -> 1 | S34: =(IF(D34="O",1,0)) -> 0 | T34: =(IF(D34="L",1,0)) -> 0 | U34: =MAX(E34-1,0) -> 0 | V34: =MAX(U34-1+F34,0) -> 0 | W34: =MAX(V34-1+G34,0) -> 0 | X34: =MAX(W34-1+H34,0) -> 0 | Y34: =0.5*(E34*I34+F34*J34+G34*K34+H34*L34-1)+(0+$U34*J34+$V34*K34+$W34*L34) -> 0 | Z34: =0.5*(E34*M34+F34*N34+G34*O34+H34*P34-1)+(0+$U34*N34+$V34*O34+$W34*P34) -> 0 | AA34: =0.5*(E34*Q34+F34*R34+G34*S34+H34*T34-1)+(0+$U34*R34+$V34*S34+$W34*T34) -> 0 | AB34: =IF(B34="V",-2,0)+IF(B34="E",-1,0)+IF(B34="O",0,0)+IF(B34="L",1,0)+Y34 -> -2 | AC34: =IF(C34="V",-2,0)+IF(C34="E",-1,0)+IF(C34="O",0,0)+IF(C34="L",1,0)+Z34 -> 0 | AD34: =IF(D34="V",-2,0)+IF(D34="E",-1,0)+IF(D34="O",0,0)+IF(D34="L",1,0)+AA34 -> -1 | AE34: =IF(B34="V",-2,0)+IF(B34="E",-1,0)+IF(B34="O",0,0)+IF(B34="L",1,0) -> -2 | AF34: =IF(B34="V",-2,0)+IF(B34="E",-1,0)+IF(B34="O",0,0)+IF(B34="L",1,0)+Y34 -> -2 | AG34: =IF(B34="V",-2,0)+IF(B34="E",-1,0)+IF(B34="O",0,0)+IF(B34="L",1,0)+Y34*2 -> -2 | AH34: =IF(C34="V",-2,0)+IF(C34="E",-1,0)+IF(C34="O",0,0)+IF(C34="L",1,0) -> 0 | AI34: =IF(C34="V",-2,0)+IF(C34="E",-1,0)+IF(C34="O",0,0)+IF(C34="L",1,0)+Z34 -> 0 | AJ34: =IF(C34="V",-2,0)+IF(C34="E",-1,0)+IF(C34="O",0,0)+IF(C34="L",1,0)+Z34*2 -> 0 | AK34: =IF(D34="V",-2,0)+IF(D34="E",-1,0)+IF(D34="O",0,0)+IF(D34="L",1,0) -> -1 | AL34: =IF(D34="V",-2,0)+IF(D34="E",-1,0)+IF(D34="O",0,0)+IF(D34="L",1,0)+AA34 -> -1 | AM34: =IF(D34="V",-2,0)+IF(D34="E",-1,0)+IF(D34="O",0,0)+IF(D34="L",1,0)+AA34*2 -> -1 | AN34: =(ABS(IF(AE34<0,AE34*Early,AE34*Late))+ABS(IF(AF34<0,AF34*Early,AF34*Late))+ABS(IF(AG34<0,AG34*Early,AG34*Late)))/3 -> 6 | AO34: =(ABS(IF(AH34<0,AH34*Early,AH34*Late))+ABS(IF(AI34<0,AI34*Early,AI34*Late))+ABS(IF(AJ34<0,AJ34*Early,AJ34*Late)))/3 -> 0 | AP34: =(ABS(IF(AK34<0,AK34*Early,AK34*Late))+ABS(IF(AL34<0,AL34*Early,AL34*Late))+ABS(IF(AM34<0,AM34*Early,AM34*Late)))/3 -> 3 | AQ34: =Y34*Delay+AN34 -> 6 | AR34: =Z34*Delay+AO34 -> 0 | AS34: =AA34*Delay+AP34 -> 3 | AT34: =IF(AQ34=MIN(AQ34:AQ37),1,0) -> 0 | AX34: =B34&C34&D34 -> VOE | AY34: =AQ34+AR34+AS34 -> 9 | AZ34: =RIGHT(AX34,2) -> OE | BA34: =LEFT(AX34,1)&RIGHT(AX34,1) -> VE | BB34: =LEFT(AX34,2) -> VO | BC34: =VLOOKUP(AZ34,TwoPlayers!$AG$1:$AH$17,2,FALSE()) -> 3 | BD34: =VLOOKUP(BA34,TwoPlayers!$AG$1:$AH$17,2,FALSE()) -> 9 | BE34: =VLOOKUP(BB34,TwoPlayers!$AG$1:$AH$17,2,FALSE()) -> 6 | BF34: =$AY34-BC34 -> 6 | BG34: =$AY34-BD34 -> 0 | BH34: =$AY34-BE34 -> 3 | BJ34: =AQ34+BF34 -> 12 | BK34: =AR34+BG34 -> 0 | BL34: =AS34+BH34 -> 6 | BM34: =IF(BJ34=MIN(BJ34:BJ38),1,0) -> 0
A35: 26 | B35: E | C35: O | D35: E | E35: =(IF($B35="V",1,0))+IF($C35="V",1,0)+IF($D35="V",1,0) -> 0 | F35: =(IF($B35="E",1,0))+IF($C35="E",1,0)+IF($D35="E",1,0) -> 2 | G35: =(IF($B35="O",1,0))+IF($C35="O",1,0)+IF($D35="O",1,0) -> 1 | H35: =(IF($B35="L",1,0))+IF($C35="L",1,0)+IF($D35="L",1,0) -> 0 | I35: =(IF(B35="V",1,0)) -> 0 | J35: =(IF(B35="E",1,0)) -> 1 | K35: =(IF(B35="O",1,0)) -> 0 | L35: =(IF(B35="L",1,0)) -> 0 | M35: =(IF(C35="V",1,0)) -> 0 | N35: =(IF(C35="E",1,0)) -> 0 | O35: =(IF(C35="O",1,0)) -> 1 | P35: =(IF(C35="L",1,0)) -> 0 | Q35: =(IF(D35="V",1,0)) -> 0 | R35: =(IF(D35="E",1,0)) -> 1 | S35: =(IF(D35="O",1,0)) -> 0 | T35: =(IF(D35="L",1,0)) -> 0 | U35: =MAX(E35-1,0) -> 0 | V35: =MAX(U35-1+F35,0) -> 1 | W35: =MAX(V35-1+G35,0) -> 1 | X35: =MAX(W35-1+H35,0) -> 0 | Y35: =0.5*(E35*I35+F35*J35+G35*K35+H35*L35-1)+(0+$U35*J35+$V35*K35+$W35*L35) -> 0.5 | Z35: =0.5*(E35*M35+F35*N35+G35*O35+H35*P35-1)+(0+$U35*N35+$V35*O35+$W35*P35) -> 1 | AA35: =0.5*(E35*Q35+F35*R35+G35*S35+H35*T35-1)+(0+$U35*R35+$V35*S35+$W35*T35) -> 0.5 | AB35: =IF(B35="V",-2,0)+IF(B35="E",-1,0)+IF(B35="O",0,0)+IF(B35="L",1,0)+Y35 -> -0.5 | AC35: =IF(C35="V",-2,0)+IF(C35="E",-1,0)+IF(C35="O",0,0)+IF(C35="L",1,0)+Z35 -> 1 | AD35: =IF(D35="V",-2,0)+IF(D35="E",-1,0)+IF(D35="O",0,0)+IF(D35="L",1,0)+AA35 -> -0.5 | AE35: =IF(B35="V",-2,0)+IF(B35="E",-1,0)+IF(B35="O",0,0)+IF(B35="L",1,0) -> -1 | AF35: =IF(B35="V",-2,0)+IF(B35="E",-1,0)+IF(B35="O",0,0)+IF(B35="L",1,0)+Y35 -> -0.5 | AG35: =IF(B35="V",-2,0)+IF(B35="E",-1,0)+IF(B35="O",0,0)+IF(B35="L",1,0)+Y35*2 -> 0 | AH35: =IF(C35="V",-2,0)+IF(C35="E",-1,0)+IF(C35="O",0,0)+IF(C35="L",1,0) -> 0 | AI35: =IF(C35="V",-2,0)+IF(C35="E",-1,0)+IF(C35="O",0,0)+IF(C35="L",1,0)+Z35 -> 1 | AJ35: =IF(C35="V",-2,0)+IF(C35="E",-1,0)+IF(C35="O",0,0)+IF(C35="L",1,0)+Z35*2 -> 2 | AK35: =IF(D35="V",-2,0)+IF(D35="E",-1,0)+IF(D35="O",0,0)+IF(D35="L",1,0) -> -1 | AL35: =IF(D35="V",-2,0)+IF(D35="E",-1,0)+IF(D35="O",0,0)+IF(D35="L",1,0)+AA35 -> -0.5 | AM35: =IF(D35="V",-2,0)+IF(D35="E",-1,0)+IF(D35="O",0,0)+IF(D35="L",1,0)+AA35*2 -> 0 | AN35: =(ABS(IF(AE35<0,AE35*Early,AE35*Late))+ABS(IF(AF35<0,AF35*Early,AF35*Late))+ABS(IF(AG35<0,AG35*Early,AG35*Late)))/3 -> 1.5 | AO35: =(ABS(IF(AH35<0,AH35*Early,AH35*Late))+ABS(IF(AI35<0,AI35*Early,AI35*Late))+ABS(IF(AJ35<0,AJ35*Early,AJ35*Late)))/3 -> 4 | AP35: =(ABS(IF(AK35<0,AK35*Early,AK35*Late))+ABS(IF(AL35<0,AL35*Early,AL35*Late))+ABS(IF(AM35<0,AM35*Early,AM35*Late)))/3 -> 1.5 | AQ35: =Y35*Delay+AN35 -> 2 | AR35: =Z35*Delay+AO35 -> 5 | AS35: =AA35*Delay+AP35 -> 2 | AT35: =IF(AQ35=MIN(AQ34:AQ37),1,0) -> 1 | AX35: =B35&C35&D35 -> EOE | AY35: =AQ35+AR35+AS35 -> 9 | AZ35: =RIGHT(AX35,2) -> OE | BA35: =LEFT(AX35,1)&RIGHT(AX35,1) -> EE | BB35: =LEFT(AX35,2) -> EO | BC35: =VLOOKUP(AZ35,TwoPlayers!$AG$1:$AH$17,2,FALSE()) -> 3 | BD35: =VLOOKUP(BA35,TwoPlayers!$AG$1:$AH$17,2,FALSE()) -> 4 | BE35: =VLOOKUP(BB35,TwoPlayers!$AG$1:$AH$17,2,FALSE()) -> 3 | BF35: =$AY35-BC35 -> 6 | BG35: =$AY35-BD35 -> 5 | BH35: =$AY35-BE35 -> 6 | BJ35: =AQ35+BF35 -> 8 | BK35: =AR35+BG35 -> 10 | BL35: =AS35+BH35 -> 8 | BM35: =IF(BJ35=MIN(BJ34:BJ38),1,0) -> 0
A36: 42 | B36: O | C36: O | D36: E | E36: =(IF($B36="V",1,0))+IF($C36="V",1,0)+IF($D36="V",1,0) -> 0 | F36: =(IF($B36="E",1,0))+IF($C36="E",1,0)+IF($D36="E",1,0) -> 1 | G36: =(IF($B36="O",1,0))+IF($C36="O",1,0)+IF($D36="O",1,0) -> 2 | H36: =(IF($B36="L",1,0))+IF($C36="L",1,0)+IF($D36="L",1,0) -> 0 | I36: =(IF(B36="V",1,0)) -> 0 | J36: =(IF(B36="E",1,0)) -> 0 | K36: =(IF(B36="O",1,0)) -> 1 | L36: =(IF(B36="L",1,0)) -> 0 | M36: =(IF(C36="V",1,0)) -> 0 | N36: =(IF(C36="E",1,0)) -> 0 | O36: =(IF(C36="O",1,0)) -> 1 | P36: =(IF(C36="L",1,0)) -> 0 | Q36: =(IF(D36="V",1,0)) -> 0 | R36: =(IF(D36="E",1,0)) -> 1 | S36: =(IF(D36="O",1,0)) -> 0 | T36: =(IF(D36="L",1,0)) -> 0 | U36: =MAX(E36-1,0) -> 0 | V36: =MAX(U36-1+F36,0) -> 0 | W36: =MAX(V36-1+G36,0) -> 1 | X36: =MAX(W36-1+H36,0) -> 0 | Y36: =0.5*(E36*I36+F36*J36+G36*K36+H36*L36-1)+(0+$U36*J36+$V36*K36+$W36*L36) -> 0.5 | Z36: =0.5*(E36*M36+F36*N36+G36*O36+H36*P36-1)+(0+$U36*N36+$V36*O36+$W36*P36) -> 0.5 | AA36: =0.5*(E36*Q36+F36*R36+G36*S36+H36*T36-1)+(0+$U36*R36+$V36*S36+$W36*T36) -> 0 | AB36: =IF(B36="V",-2,0)+IF(B36="E",-1,0)+IF(B36="O",0,0)+IF(B36="L",1,0)+Y36 -> 0.5 | AC36: =IF(C36="V",-2,0)+IF(C36="E",-1,0)+IF(C36="O",0,0)+IF(C36="L",1,0)+Z36 -> 0.5 | AD36: =IF(D36="V",-2,0)+IF(D36="E",-1,0)+IF(D36="O",0,0)+IF(D36="L",1,0)+AA36 -> -1 | AE36: =IF(B36="V",-2,0)+IF(B36="E",-1,0)+IF(B36="O",0,0)+IF(B36="L",1,0) -> 0 | AF36: =IF(B36="V",-2,0)+IF(B36="E",-1,0)+IF(B36="O",0,0)+IF(B36="L",1,0)+Y36 -> 0.5 | AG36: =IF(B36="V",-2,0)+IF(B36="E",-1,0)+IF(B36="O",0,0)+IF(B36="L",1,0)+Y36*2 -> 1 | AH36: =IF(C36="V",-2,0)+IF(C36="E",-1,0)+IF(C36="O",0,0)+IF(C36="L",1,0) -> 0 | AI36: =IF(C36="V",-2,0)+IF(C36="E",-1,0)+IF(C36="O",0,0)+IF(C36="L",1,0)+Z36 -> 0.5 | AJ36: =IF(C36="V",-2,0)+IF(C36="E",-1,0)+IF(C36="O",0,0)+IF(C36="L",1,0)+Z36*2 -> 1 | AK36: =IF(D36="V",-2,0)+IF(D36="E",-1,0)+IF(D36="O",0,0)+IF(D36="L",1,0) -> -1 | AL36: =IF(D36="V",-2,0)+IF(D36="E",-1,0)+IF(D36="O",0,0)+IF(D36="L",1,0)+AA36 -> -1 | AM36: =IF(D36="V",-2,0)+IF(D36="E",-1,0)+IF(D36="O",0,0)+IF(D36="L",1,0)+AA36*2 -> -1 | AN36: =(ABS(IF(AE36<0,AE36*Early,AE36*Late))+ABS(IF(AF36<0,AF36*Early,AF36*Late))+ABS(IF(AG36<0,AG36*Early,AG36*Late)))/3 -> 2 | AO36: =(ABS(IF(AH36<0,AH36*Early,AH36*Late))+ABS(IF(AI36<0,AI36*Early,AI36*Late))+ABS(IF(AJ36<0,AJ36*Early,AJ36*Late)))/3 -> 2 | AP36: =(ABS(IF(AK36<0,AK36*Early,AK36*Late))+ABS(IF(AL36<0,AL36*Early,AL36*Late))+ABS(IF(AM36<0,AM36*Early,AM36*Late)))/3 -> 3 | AQ36: =Y36*Delay+AN36 -> 2.5 | AR36: =Z36*Delay+AO36 -> 2.5 | AS36: =AA36*Delay+AP36 -> 3 | AT36: =IF(AQ36=MIN(AQ34:AQ37),1,0) -> 0 | AX36: =B36&C36&D36 -> OOE | AY36: =AQ36+AR36+AS36 -> 8 | AZ36: =RIGHT(AX36,2) -> OE | BA36: =LEFT(AX36,1)&RIGHT(AX36,1) -> OE | BB36: =LEFT(AX36,2) -> OO | BC36: =VLOOKUP(AZ36,TwoPlayers!$AG$1:$AH$17,2,FALSE()) -> 3 | BD36: =VLOOKUP(BA36,TwoPlayers!$AG$1:$AH$17,2,FALSE()) -> 3 | BE36: =VLOOKUP(BB36,TwoPlayers!$AG$1:$AH$17,2,FALSE()) -> 5 | BF36: =$AY36-BC36 -> 5 | BG36: =$AY36-BD36 -> 5 | BH36: =$AY36-BE36 -> 3 | BJ36: =AQ36+BF36 -> 7.5 | BK36: =AR36+BG36 -> 7.5 | BL36: =AS36+BH36 -> 6 | BM36: =IF(BJ36=MIN(BJ34:BJ38),1,0) -> 1
A37: 58 | B37: L | C37: O | D37: E | E37: =(IF($B37="V",1,0))+IF($C37="V",1,0)+IF($D37="V",1,0) -> 0 | F37: =(IF($B37="E",1,0))+IF($C37="E",1,0)+IF($D37="E",1,0) -> 1 | G37: =(IF($B37="O",1,0))+IF($C37="O",1,0)+IF($D37="O",1,0) -> 1 | H37: =(IF($B37="L",1,0))+IF($C37="L",1,0)+IF($D37="L",1,0) -> 1 | I37: =(IF(B37="V",1,0)) -> 0 | J37: =(IF(B37="E",1,0)) -> 0 | K37: =(IF(B37="O",1,0)) -> 0 | L37: =(IF(B37="L",1,0)) -> 1 | M37: =(IF(C37="V",1,0)) -> 0 | N37: =(IF(C37="E",1,0)) -> 0 | O37: =(IF(C37="O",1,0)) -> 1 | P37: =(IF(C37="L",1,0)) -> 0 | Q37: =(IF(D37="V",1,0)) -> 0 | R37: =(IF(D37="E",1,0)) -> 1 | S37: =(IF(D37="O",1,0)) -> 0 | T37: =(IF(D37="L",1,0)) -> 0 | U37: =MAX(E37-1,0) -> 0 | V37: =MAX(U37-1+F37,0) -> 0 | W37: =MAX(V37-1+G37,0) -> 0 | X37: =MAX(W37-1+H37,0) -> 0 | Y37: =0.5*(E37*I37+F37*J37+G37*K37+H37*L37-1)+(0+$U37*J37+$V37*K37+$W37*L37) -> 0 | Z37: =0.5*(E37*M37+F37*N37+G37*O37+H37*P37-1)+(0+$U37*N37+$V37*O37+$W37*P37) -> 0 | AA37: =0.5*(E37*Q37+F37*R37+G37*S37+H37*T37-1)+(0+$U37*R37+$V37*S37+$W37*T37) -> 0 | AB37: =IF(B37="V",-2,0)+IF(B37="E",-1,0)+IF(B37="O",0,0)+IF(B37="L",1,0)+Y37 -> 1 | AC37: =IF(C37="V",-2,0)+IF(C37="E",-1,0)+IF(C37="O",0,0)+IF(C37="L",1,0)+Z37 -> 0 | AD37: =IF(D37="V",-2,0)+IF(D37="E",-1,0)+IF(D37="O",0,0)+IF(D37="L",1,0)+AA37 -> -1 | AE37: =IF(B37="V",-2,0)+IF(B37="E",-1,0)+IF(B37="O",0,0)+IF(B37="L",1,0) -> 1 | AF37: =IF(B37="V",-2,0)+IF(B37="E",-1,0)+IF(B37="O",0,0)+IF(B37="L",1,0)+Y37 -> 1 | AG37: =IF(B37="V",-2,0)+IF(B37="E",-1,0)+IF(B37="O",0,0)+IF(B37="L",1,0)+Y37*2 -> 1 | AH37: =IF(C37="V",-2,0)+IF(C37="E",-1,0)+IF(C37="O",0,0)+IF(C37="L",1,0) -> 0 | AI37: =IF(C37="V",-2,0)+IF(C37="E",-1,0)+IF(C37="O",0,0)+IF(C37="L",1,0)+Z37 -> 0 | AJ37: =IF(C37="V",-2,0)+IF(C37="E",-1,0)+IF(C37="O",0,0)+IF(C37="L",1,0)+Z37*2 -> 0 | AK37: =IF(D37="V",-2,0)+IF(D37="E",-1,0)+IF(D37="O",0,0)+IF(D37="L",1,0) -> -1 | AL37: =IF(D37="V",-2,0)+IF(D37="E",-1,0)+IF(D37="O",0,0)+IF(D37="L",1,0)+AA37 -> -1 | AM37: =IF(D37="V",-2,0)+IF(D37="E",-1,0)+IF(D37="O",0,0)+IF(D37="L",1,0)+AA37*2 -> -1 | AN37: =(ABS(IF(AE37<0,AE37*Early,AE37*Late))+ABS(IF(AF37<0,AF37*Early,AF37*Late))+ABS(IF(AG37<0,AG37*Early,AG37*Late)))/3 -> 4 | AO37: =(ABS(IF(AH37<0,AH37*Early,AH37*Late))+ABS(IF(AI37<0,AI37*Early,AI37*Late))+ABS(IF(AJ37<0,AJ37*Early,AJ37*Late)))/3 -> 0 | AP37: =(ABS(IF(AK37<0,AK37*Early,AK37*Late))+ABS(IF(AL37<0,AL37*Early,AL37*Late))+ABS(IF(AM37<0,AM37*Early,AM37*Late)))/3 -> 3 | AQ37: =Y37*Delay+AN37 -> 4 | AR37: =Z37*Delay+AO37 -> 0 | AS37: =AA37*Delay+AP37 -> 3 | AT37: =IF(AQ37=MIN(AQ34:AQ37),1,0) -> 0 | AX37: =B37&C37&D37 -> LOE | AY37: =AQ37+AR37+AS37 -> 7 | AZ37: =RIGHT(AX37,2) -> OE | BA37: =LEFT(AX37,1)&RIGHT(AX37,1) -> LE | BB37: =LEFT(AX37,2) -> LO | BC37: =VLOOKUP(AZ37,TwoPlayers!$AG$1:$AH$17,2,FALSE()) -> 3 | BD37: =VLOOKUP(BA37,TwoPlayers!$AG$1:$AH$17,2,FALSE()) -> 7 | BE37: =VLOOKUP(BB37,TwoPlayers!$AG$1:$AH$17,2,FALSE()) -> 4 | BF37: =$AY37-BC37 -> 4 | BG37: =$AY37-BD37 -> 0 | BH37: =$AY37-BE37 -> 3 | BJ37: =AQ37+BF37 -> 8 | BK37: =AR37+BG37 -> 0 | BL37: =AS37+BH37 -> 6 | BM37: =IF(BJ37=MIN(BJ34:BJ38),1,0) -> 0
A38: 12 | B38: V | C38: O | D38: L | E38: =(IF($B38="V",1,0))+IF($C38="V",1,0)+IF($D38="V",1,0) -> 1 | F38: =(IF($B38="E",1,0))+IF($C38="E",1,0)+IF($D38="E",1,0) -> 0 | G38: =(IF($B38="O",1,0))+IF($C38="O",1,0)+IF($D38="O",1,0) -> 1 | H38: =(IF($B38="L",1,0))+IF($C38="L",1,0)+IF($D38="L",1,0) -> 1 | I38: =(IF(B38="V",1,0)) -> 1 | J38: =(IF(B38="E",1,0)) -> 0 | K38: =(IF(B38="O",1,0)) -> 0 | L38: =(IF(B38="L",1,0)) -> 0 | M38: =(IF(C38="V",1,0)) -> 0 | N38: =(IF(C38="E",1,0)) -> 0 | O38: =(IF(C38="O",1,0)) -> 1 | P38: =(IF(C38="L",1,0)) -> 0 | Q38: =(IF(D38="V",1,0)) -> 0 | R38: =(IF(D38="E",1,0)) -> 0 | S38: =(IF(D38="O",1,0)) -> 0 | T38: =(IF(D38="L",1,0)) -> 1 | U38: =MAX(E38-1,0) -> 0 | V38: =MAX(U38-1+F38,0) -> 0 | W38: =MAX(V38-1+G38,0) -> 0 | X38: =MAX(W38-1+H38,0) -> 0 | Y38: =0.5*(E38*I38+F38*J38+G38*K38+H38*L38-1)+(0+$U38*J38+$V38*K38+$W38*L38) -> 0 | Z38: =0.5*(E38*M38+F38*N38+G38*O38+H38*P38-1)+(0+$U38*N38+$V38*O38+$W38*P38) -> 0 | AA38: =0.5*(E38*Q38+F38*R38+G38*S38+H38*T38-1)+(0+$U38*R38+$V38*S38+$W38*T38) -> 0 | AB38: =IF(B38="V",-2,0)+IF(B38="E",-1,0)+IF(B38="O",0,0)+IF(B38="L",1,0)+Y38 -> -2 | AC38: =IF(C38="V",-2,0)+IF(C38="E",-1,0)+IF(C38="O",0,0)+IF(C38="L",1,0)+Z38 -> 0 | AD38: =IF(D38="V",-2,0)+IF(D38="E",-1,0)+IF(D38="O",0,0)+IF(D38="L",1,0)+AA38 -> 1 | AE38: =IF(B38="V",-2,0)+IF(B38="E",-1,0)+IF(B38="O",0,0)+IF(B38="L",1,0) -> -2 | AF38: =IF(B38="V",-2,0)+IF(B38="E",-1,0)+IF(B38="O",0,0)+IF(B38="L",1,0)+Y38 -> -2 | AG38: =IF(B38="V",-2,0)+IF(B38="E",-1,0)+IF(B38="O",0,0)+IF(B38="L",1,0)+Y38*2 -> -2 | AH38: =IF(C38="V",-2,0)+IF(C38="E",-1,0)+IF(C38="O",0,0)+IF(C38="L",1,0) -> 0 | AI38: =IF(C38="V",-2,0)+IF(C38="E",-1,0)+IF(C38="O",0,0)+IF(C38="L",1,0)+Z38 -> 0 | AJ38: =IF(C38="V",-2,0)+IF(C38="E",-1,0)+IF(C38="O",0,0)+IF(C38="L",1,0)+Z38*2 -> 0 | AK38: =IF(D38="V",-2,0)+IF(D38="E",-1,0)+IF(D38="O",0,0)+IF(D38="L",1,0) -> 1 | AL38: =IF(D38="V",-2,0)+IF(D38="E",-1,0)+IF(D38="O",0,0)+IF(D38="L",1,0)+AA38 -> 1 | AM38: =IF(D38="V",-2,0)+IF(D38="E",-1,0)+IF(D38="O",0,0)+IF(D38="L",1,0)+AA38*2 -> 1 | AN38: =(ABS(IF(AE38<0,AE38*Early,AE38*Late))+ABS(IF(AF38<0,AF38*Early,AF38*Late))+ABS(IF(AG38<0,AG38*Early,AG38*Late)))/3 -> 6 | AO38: =(ABS(IF(AH38<0,AH38*Early,AH38*Late))+ABS(IF(AI38<0,AI38*Early,AI38*Late))+ABS(IF(AJ38<0,AJ38*Early,AJ38*Late)))/3 -> 0 | AP38: =(ABS(IF(AK38<0,AK38*Early,AK38*Late))+ABS(IF(AL38<0,AL38*Early,AL38*Late))+ABS(IF(AM38<0,AM38*Early,AM38*Late)))/3 -> 4 | AQ38: =Y38*Delay+AN38 -> 6 | AR38: =Z38*Delay+AO38 -> 0 | AS38: =AA38*Delay+AP38 -> 4 | AT38: =IF(AQ38=MIN(AQ38:AQ41),1,0) -> 0 | AX38: =B38&C38&D38 -> VOL | AY38: =AQ38+AR38+AS38 -> 10 | AZ38: =RIGHT(AX38,2) -> OL | BA38: =LEFT(AX38,1)&RIGHT(AX38,1) -> VL | BB38: =LEFT(AX38,2) -> VO | BC38: =VLOOKUP(AZ38,TwoPlayers!$AG$1:$AH$17,2,FALSE()) -> 4 | BD38: =VLOOKUP(BA38,TwoPlayers!$AG$1:$AH$17,2,FALSE()) -> 10 | BE38: =VLOOKUP(BB38,TwoPlayers!$AG$1:$AH$17,2,FALSE()) -> 6 | BF38: =$AY38-BC38 -> 6 | BG38: =$AY38-BD38 -> 0 | BH38: =$AY38-BE38 -> 4 | BJ38: =AQ38+BF38 -> 12 | BK38: =AR38+BG38 -> 0 | BL38: =AS38+BH38 -> 8 | BM38: =IF(BJ38=MIN(BJ38:BJ42),1,0) -> 0
A39: 28 | B39: E | C39: O | D39: L | E39: =(IF($B39="V",1,0))+IF($C39="V",1,0)+IF($D39="V",1,0) -> 0 | F39: =(IF($B39="E",1,0))+IF($C39="E",1,0)+IF($D39="E",1,0) -> 1 | G39: =(IF($B39="O",1,0))+IF($C39="O",1,0)+IF($D39="O",1,0) -> 1 | H39: =(IF($B39="L",1,0))+IF($C39="L",1,0)+IF($D39="L",1,0) -> 1 | I39: =(IF(B39="V",1,0)) -> 0 | J39: =(IF(B39="E",1,0)) -> 1 | K39: =(IF(B39="O",1,0)) -> 0 | L39: =(IF(B39="L",1,0)) -> 0 | M39: =(IF(C39="V",1,0)) -> 0 | N39: =(IF(C39="E",1,0)) -> 0 | O39: =(IF(C39="O",1,0)) -> 1 | P39: =(IF(C39="L",1,0)) -> 0 | Q39: =(IF(D39="V",1,0)) -> 0 | R39: =(IF(D39="E",1,0)) -> 0 | S39: =(IF(D39="O",1,0)) -> 0 | T39: =(IF(D39="L",1,0)) -> 1 | U39: =MAX(E39-1,0) -> 0 | V39: =MAX(U39-1+F39,0) -> 0 | W39: =MAX(V39-1+G39,0) -> 0 | X39: =MAX(W39-1+H39,0) -> 0 | Y39: =0.5*(E39*I39+F39*J39+G39*K39+H39*L39-1)+(0+$U39*J39+$V39*K39+$W39*L39) -> 0 | Z39: =0.5*(E39*M39+F39*N39+G39*O39+H39*P39-1)+(0+$U39*N39+$V39*O39+$W39*P39) -> 0 | AA39: =0.5*(E39*Q39+F39*R39+G39*S39+H39*T39-1)+(0+$U39*R39+$V39*S39+$W39*T39) -> 0 | AB39: =IF(B39="V",-2,0)+IF(B39="E",-1,0)+IF(B39="O",0,0)+IF(B39="L",1,0)+Y39 -> -1 | AC39: =IF(C39="V",-2,0)+IF(C39="E",-1,0)+IF(C39="O",0,0)+IF(C39="L",1,0)+Z39 -> 0 | AD39: =IF(D39="V",-2,0)+IF(D39="E",-1,0)+IF(D39="O",0,0)+IF(D39="L",1,0)+AA39 -> 1 | AE39: =IF(B39="V",-2,0)+IF(B39="E",-1,0)+IF(B39="O",0,0)+IF(B39="L",1,0) -> -1 | AF39: =IF(B39="V",-2,0)+IF(B39="E",-1,0)+IF(B39="O",0,0)+IF(B39="L",1,0)+Y39 -> -1 | AG39: =IF(B39="V",-2,0)+IF(B39="E",-1,0)+IF(B39="O",0,0)+IF(B39="L",1,0)+Y39*2 -> -1 | AH39: =IF(C39="V",-2,0)+IF(C39="E",-1,0)+IF(C39="O",0,0)+IF(C39="L",1,0) -> 0 | AI39: =IF(C39="V",-2,0)+IF(C39="E",-1,0)+IF(C39="O",0,0)+IF(C39="L",1,0)+Z39 -> 0 | AJ39: =IF(C39="V",-2,0)+IF(C39="E",-1,0)+IF(C39="O",0,0)+IF(C39="L",1,0)+Z39*2 -> 0 | AK39: =IF(D39="V",-2,0)+IF(D39="E",-1,0)+IF(D39="O",0,0)+IF(D39="L",1,0) -> 1 | AL39: =IF(D39="V",-2,0)+IF(D39="E",-1,0)+IF(D39="O",0,0)+IF(D39="L",1,0)+AA39 -> 1 | AM39: =IF(D39="V",-2,0)+IF(D39="E",-1,0)+IF(D39="O",0,0)+IF(D39="L",1,0)+AA39*2 -> 1 | AN39: =(ABS(IF(AE39<0,AE39*Early,AE39*Late))+ABS(IF(AF39<0,AF39*Early,AF39*Late))+ABS(IF(AG39<0,AG39*Early,AG39*Late)))/3 -> 3 | AO39: =(ABS(IF(AH39<0,AH39*Early,AH39*Late))+ABS(IF(AI39<0,AI39*Early,AI39*Late))+ABS(IF(AJ39<0,AJ39*Early,AJ39*Late)))/3 -> 0 | AP39: =(ABS(IF(AK39<0,AK39*Early,AK39*Late))+ABS(IF(AL39<0,AL39*Early,AL39*Late))+ABS(IF(AM39<0,AM39*Early,AM39*Late)))/3 -> 4 | AQ39: =Y39*Delay+AN39 -> 3 | AR39: =Z39*Delay+AO39 -> 0 | AS39: =AA39*Delay+AP39 -> 4 | AT39: =IF(AQ39=MIN(AQ38:AQ41),1,0) -> 0 | AX39: =B39&C39&D39 -> EOL | AY39: =AQ39+AR39+AS39 -> 7 | AZ39: =RIGHT(AX39,2) -> OL | BA39: =LEFT(AX39,1)&RIGHT(AX39,1) -> EL | BB39: =LEFT(AX39,2) -> EO | BC39: =VLOOKUP(AZ39,TwoPlayers!$AG$1:$AH$17,2,FALSE()) -> 4 | BD39: =VLOOKUP(BA39,TwoPlayers!$AG$1:$AH$17,2,FALSE()) -> 7 | BE39: =VLOOKUP(BB39,TwoPlayers!$AG$1:$AH$17,2,FALSE()) -> 3 | BF39: =$AY39-BC39 -> 3 | BG39: =$AY39-BD39 -> 0 | BH39: =$AY39-BE39 -> 4 | BJ39: =AQ39+BF39 -> 6 | BK39: =AR39+BG39 -> 0 | BL39: =AS39+BH39 -> 8 | BM39: =IF(BJ39=MIN(BJ38:BJ42),1,0) -> 1
A40: 44 | B40: O | C40: O | D40: L | E40: =(IF($B40="V",1,0))+IF($C40="V",1,0)+IF($D40="V",1,0) -> 0 | F40: =(IF($B40="E",1,0))+IF($C40="E",1,0)+IF($D40="E",1,0) -> 0 | G40: =(IF($B40="O",1,0))+IF($C40="O",1,0)+IF($D40="O",1,0) -> 2 | H40: =(IF($B40="L",1,0))+IF($C40="L",1,0)+IF($D40="L",1,0) -> 1 | I40: =(IF(B40="V",1,0)) -> 0 | J40: =(IF(B40="E",1,0)) -> 0 | K40: =(IF(B40="O",1,0)) -> 1 | L40: =(IF(B40="L",1,0)) -> 0 | M40: =(IF(C40="V",1,0)) -> 0 | N40: =(IF(C40="E",1,0)) -> 0 | O40: =(IF(C40="O",1,0)) -> 1 | P40: =(IF(C40="L",1,0)) -> 0 | Q40: =(IF(D40="V",1,0)) -> 0 | R40: =(IF(D40="E",1,0)) -> 0 | S40: =(IF(D40="O",1,0)) -> 0 | T40: =(IF(D40="L",1,0)) -> 1 | U40: =MAX(E40-1,0) -> 0 | V40: =MAX(U40-1+F40,0) -> 0 | W40: =MAX(V40-1+G40,0) -> 1 | X40: =MAX(W40-1+H40,0) -> 1 | Y40: =0.5*(E40*I40+F40*J40+G40*K40+H40*L40-1)+(0+$U40*J40+$V40*K40+$W40*L40) -> 0.5 | Z40: =0.5*(E40*M40+F40*N40+G40*O40+H40*P40-1)+(0+$U40*N40+$V40*O40+$W40*P40) -> 0.5 | AA40: =0.5*(E40*Q40+F40*R40+G40*S40+H40*T40-1)+(0+$U40*R40+$V40*S40+$W40*T40) -> 1 | AB40: =IF(B40="V",-2,0)+IF(B40="E",-1,0)+IF(B40="O",0,0)+IF(B40="L",1,0)+Y40 -> 0.5 | AC40: =IF(C40="V",-2,0)+IF(C40="E",-1,0)+IF(C40="O",0,0)+IF(C40="L",1,0)+Z40 -> 0.5 | AD40: =IF(D40="V",-2,0)+IF(D40="E",-1,0)+IF(D40="O",0,0)+IF(D40="L",1,0)+AA40 -> 2 | AE40: =IF(B40="V",-2,0)+IF(B40="E",-1,0)+IF(B40="O",0,0)+IF(B40="L",1,0) -> 0 | AF40: =IF(B40="V",-2,0)+IF(B40="E",-1,0)+IF(B40="O",0,0)+IF(B40="L",1,0)+Y40 -> 0.5 | AG40: =IF(B40="V",-2,0)+IF(B40="E",-1,0)+IF(B40="O",0,0)+IF(B40="L",1,0)+Y40*2 -> 1 | AH40: =IF(C40="V",-2,0)+IF(C40="E",-1,0)+IF(C40="O",0,0)+IF(C40="L",1,0) -> 0 | AI40: =IF(C40="V",-2,0)+IF(C40="E",-1,0)+IF(C40="O",0,0)+IF(C40="L",1,0)+Z40 -> 0.5 | AJ40: =IF(C40="V",-2,0)+IF(C40="E",-1,0)+IF(C40="O",0,0)+IF(C40="L",1,0)+Z40*2 -> 1 | AK40: =IF(D40="V",-2,0)+IF(D40="E",-1,0)+IF(D40="O",0,0)+IF(D40="L",1,0) -> 1 | AL40: =IF(D40="V",-2,0)+IF(D40="E",-1,0)+IF(D40="O",0,0)+IF(D40="L",1,0)+AA40 -> 2 | AM40: =IF(D40="V",-2,0)+IF(D40="E",-1,0)+IF(D40="O",0,0)+IF(D40="L",1,0)+AA40*2 -> 3 | AN40: =(ABS(IF(AE40<0,AE40*Early,AE40*Late))+ABS(IF(AF40<0,AF40*Early,AF40*Late))+ABS(IF(AG40<0,AG40*Early,AG40*Late)))/3 -> 2 | AO40: =(ABS(IF(AH40<0,AH40*Early,AH40*Late))+ABS(IF(AI40<0,AI40*Early,AI40*Late))+ABS(IF(AJ40<0,AJ40*Early,AJ40*Late)))/3 -> 2 | AP40: =(ABS(IF(AK40<0,AK40*Early,AK40*Late))+ABS(IF(AL40<0,AL40*Early,AL40*Late))+ABS(IF(AM40<0,AM40*Early,AM40*Late)))/3 -> 8 | AQ40: =Y40*Delay+AN40 -> 2.5 | AR40: =Z40*Delay+AO40 -> 2.5 | AS40: =AA40*Delay+AP40 -> 9 | AT40: =IF(AQ40=MIN(AQ38:AQ41),1,0) -> 1 | AX40: =B40&C40&D40 -> OOL | AY40: =AQ40+AR40+AS40 -> 14 | AZ40: =RIGHT(AX40,2) -> OL | BA40: =LEFT(AX40,1)&RIGHT(AX40,1) -> OL | BB40: =LEFT(AX40,2) -> OO | BC40: =VLOOKUP(AZ40,TwoPlayers!$AG$1:$AH$17,2,FALSE()) -> 4 | BD40: =VLOOKUP(BA40,TwoPlayers!$AG$1:$AH$17,2,FALSE()) -> 4 | BE40: =VLOOKUP(BB40,TwoPlayers!$AG$1:$AH$17,2,FALSE()) -> 5 | BF40: =$AY40-BC40 -> 10 | BG40: =$AY40-BD40 -> 10 | BH40: =$AY40-BE40 -> 9 | BJ40: =AQ40+BF40 -> 12.5 | BK40: =AR40+BG40 -> 12.5 | BL40: =AS40+BH40 -> 18 | BM40: =IF(BJ40=MIN(BJ38:BJ42),1,0) -> 0
