Workbook

Sheet Congestion Game
A1: Two Player Congestion Game
D3: Vehicle 2
C4: Early | D4: On-time | E4: Late
B5: Early | C5: [0.5*(E+D), 0.5*(E+D)] | D5: [E,0] | E5: [E,L]
A6: Vehicle 1 | B6: On-time | C6: [0,E] | D6: [0.5*(L+D), 0.5*(L+D)] | E6: [0,L]
B7: Late | C7: [L,E] | D7: [L,0] | E7: [L+0.5*(L+D), L+0.5*(L+D)]
A9: E | B9: =E -> 3
A10: D | B10: =D -> 0 | D10: Vehicle 2
A11: L | B11: =L -> 4 | C11: Early | D11: On-time | E11: Late
B12: Early | C12: =0.5*(E+D) -> 1.5 | D12: =E -> 3 | E12: =E -> 3
A13: Vehicle 1 | C13: =0.5*(E+D) -> 1.5 | D13: =0 -> 0 | E13: =L -> 4
B15: On-time | C15: 0 | D15: =0.5*(L+D) -> 2 | E15: =0 -> 0
C16: =E -> 3 | D16: =0.5*(L+D) -> 2 | E16: =L -> 4
B18: Late | C18: =L -> 4 | D18: =L -> 4 | E18: =L+0.5*(L+D) -> 6
C19: =E -> 3 | D19: 0 | E19: =L+0.5*(L+D) -> 6
B22: Strategy Pairs | C22: V1 improve (1,0) | D22: V2 improve (1,0) | E22: Nash | F22: Total Cost
B23: ee | C23: =IF(C$12=MIN($C$12,$C$15,$C$18),0,1) -> 1 | D23: =IF(C13=MIN($C13:$E13),0,1) -> 1 | E23: =IF(C23+D23=0,B23,0) -> 0 | F23: =SUM(C12:C13) -> 3
B24: eo | C24: =IF(D$12=MIN($D$12,$D$15,$D$18),0,1) -> 1 | D24: =IF(D13=MIN($C13:$E13),0,1) -> 0 | E24: =IF(C24+D24=0,B24,0) -> 0 | F24: =SUM(D12:D13) -> 3
B25: el | C25: =IF(E$12=MIN($E$12,$E$15,$E$18),0,1) -> 1 | D25: =IF(E13=MIN($C13:$E13),0,1) -> 1 | E25: =IF(C25+D25=0,B25,0) -> 0 | F25: =SUM(E12:E13) -> 7
B26: oe | C26: =IF(C$15=MIN($C$12,$C$15,$C$18),0,1) -> 0 | D26: =IF(C16=MIN($C16:$E16),0,1) -> 1 | E26: =IF(C26+D26=0,B26,0) -> 0 | F26: =SUM(C15:C16) -> 3
B27: oo | C27: =IF(D$15=MIN($D$12,$D$15,$D$18),0,1) -> 0 | D27: =IF(D16=MIN($C16:$E16),0,1) -> 0 | E27: =IF(C27+D27=0,B27,0) -> oo | F27: =SUM(D15:D16) -> 4
B28: ol | C28: =IF(E$15=MIN($E$12,$E$15,$E$18),0,1) -> 0 | D28: =IF(E16=MIN($C16:$E16),0,1) -> 1 | E28: =IF(C28+D28=0,B28,0) -> 0 | F28: =SUM(E15:E16) -> 4
B29: le | C29: =IF(C$18=MIN($C$12,$C$15,$C$18),0,1) -> 1 | D29: =IF(C19=MIN($C19:$E19),0,1) -> 1 | E29: =IF(C29+D29=0,B29,0) -> 0 | F29: =SUM(C18:C19) -> 7
B30: lo | C30: =IF(D$18=MIN($D$12,$D$15,$D$18),0,1) -> 1 | D30: =IF(D19=MIN($C19:$E19),0,1) -> 0 | E30: =IF(C30+D30=0,B30,0) -> 0 | F30: =SUM(D18:D19) -> 4
B31: ll | C31: =IF(E$18=MIN($E$12,$E$15,$E$18),0,1) -> 1 | D31: =IF(E19=MIN($C19:$E19),0,1) -> 1 | E31: =IF(C31+D31=0,B31,0) -> 0 | F31: =SUM(E18:E19) -> 12
E33: Minimum Total Cost | F33: =MIN(F23:F31) -> 3

Sheet Pricing Game
A1: Two Player Congestion Pricing Game
D3: Vehicle 2
C4: Early | D4: On-time | E4: Late
B5: Early | C5: [0.5*(E+D)+te, 0.5*(E+D) + te] | D5: [E,0] | E5: [E,L]
A6: Vehicle 1 | B6: On-time | C6: [0,E] | D6: [0.5*(L+D)+to, 0.5*(L+D) + to] | E6: [0,L]
B7: Late | C7: [L,E] | D7: [L,0] | E7: [L+0.5*(L+D)+tl, L+0.5*(L+D) + tl]
A9: E | B9: =E -> 3
A10: D | B10: =D -> 0 | D10: Vehicle 2
A11: L | B11: =L -> 4 | C11: Early | D11: On-time | E11: Late
B12: Early | C12: =0.5*(E+D)+TE -> 1.5 | D12: =E -> 3 | E12: =E -> 3
A13: Vehicle 1 | C13: =0.5*(E+D)+TE -> 1.5 | D13: =0 -> 0 | E13: =L -> 4
B15: On-time | C15: 0 | D15: =0.5*(L+D)+TO -> 4 | E15: =0 -> 0
C16: =E -> 3 | D16: =0.5*(L+D)+TO -> 4 | E16: =L -> 4
B18: Late | C18: =L -> 4 | D18: =L -> 4 | E18: =L+0.5*(L+D)+TL -> 8
C19: =E -> 3 | D19: 0 | E19: =L+0.5*(L+D)+TL -> 8
B22: Strategy Pairs | C22: V1 improve (1,0) | D22: V2 improve (1,0) | E22: Nash | F22: Total Cost
B23: ee | C23: =IF(C$12=MIN($C$12,$C$15,$C$18),0,1) -> 1 | D23: =IF(C13=MIN($C13:$E13),0,1) -> 1 | E23: =IF(C23+D23=0,B23,0) -> 0 | F23: =SUM(C12:C13) -> 3
B24: eo | C24: =IF(D$12=MIN($D$12,$D$15,$D$18),0,1) -> 0 | D24: =IF(D13=MIN($C13:$E13),0,1) -> 0 | E24: =IF(C24+D24=0,B24,0) -> eo | F24: =SUM(D12:D13) -> 3
B25: el | C25: =IF(E$12=MIN($E$12,$E$15,$E$18),0,1) -> 1 | D25: =IF(E13=MIN($C13:$E13),0,1) -> 1 | E25: =IF(C25+D25=0,B25,0) -> 0 | F25: =SUM(E12:E13) -> 7
B26: oe | C26: =IF(C$15=MIN($C$12,$C$15,$C$18),0,1) -> 0 | D26: =IF(C16=MIN($C16:$E16),0,1) -> 0 | E26: =IF(C26+D26=0,B26,0) -> oe | F26: =SUM(C15:C16) -> 3
B27: oo | C27: =IF(D$15=MIN($D$12,$D$15,$D$18),0,1) -> 1 | D27: =IF(D16=MIN($C16:$E16),0,1) -> 1 | E27: =IF(C27+D27=0,B27,0) -> 0 | F27: =SUM(D15:D16) -> 8
B28: ol | C28: =IF(E$15=MIN($E$12,$E$15,$E$18),0,1) -> 0 | D28: =IF(E16=MIN($C16:$E16),0,1) -> 1 | E28: =IF(C28+D28=0,B28,0) -> 0 | F28: =SUM(E15:E16) -> 4
B29: le | C29: =IF(C$18=MIN($C$12,$C$15,$C$18),0,1) -> 1 | D29: =IF(C19=MIN($C19:$E19),0,1) -> 1 | E29: =IF(C29+D29=0,B29,0) -> 0 | F29: =SUM(C18:C19) -> 7
B30: lo | C30: =IF(D$18=MIN($D$12,$D$15,$D$18),0,1) -> 1 | D30: =IF(D19=MIN($C19:$E19),0,1) -> 0 | E30: =IF(C30+D30=0,B30,0) -> 0 | F30: =SUM(D18:D19) -> 4
B31: ll | C31: =IF(E$18=MIN($E$12,$E$15,$E$18),0,1) -> 1 | D31: =IF(E19=MIN($C19:$E19),0,1) -> 1 | E31: =IF(C31+D31=0,B31,0) -> 0 | F31: =SUM(E18:E19) -> 16
E33: Minimum Total Cost | F33: =MIN(F23:F31) -> 3

Sheet Parameters
A1: Parameters
A2: Penalties | E2: Tolls | H2: AC | I2: IC | J2: Toll | K2: Toll
A3: Early | B3: E | C3: 3 | E3: TE | F3: =J3 -> 0 | H3: =0.5*(D-E) -> -1.5 | I3: =D-E -> -3 | J3: =MAX(I3-H3,0) -> 0 | K3: =MAX(0.5*(D-E),0) -> 0
A4: Delay | B4: D | C4: 0 | E4: TO | F4: =J4 -> 2 | H4: =0.5*(L+D) -> 2 | I4: =L+D -> 4 | J4: =I4-H4 -> 2 | K4: =0.5*(D+L) -> 2
A5: Late | B5: L | C5: 4 | E5: TL | F5: =J5 -> 2 | H5: =0.5*(L+D) -> 2 | I5: =L+D -> 4 | J5: =I5-H5 -> 2 | K5: =0.5*(D+L) -> 2
B10: Congestion Solutions | C10: TC | D10: Pricing
A11: ee | B11: ='Congestion Game'!E23 -> 0 | C11: ='Congestion Game'!F23 -> 3 | D11: ='Pricing Game'!E23 -> 0 | E11: ='Pricing Game'!F23 -> 3 | H11: ee
A12: eo | B12: ='Congestion Game'!E24 -> 0 | C12: ='Congestion Game'!F24 -> 3 | D12: ='Pricing Game'!E24 -> eo | E12: ='Pricing Game'!F24 -> 3 | H12: eo
A13: el | B13: ='Congestion Game'!E25 -> 0 | C13: ='Congestion Game'!F25 -> 7 | D13: ='Pricing Game'!E25 -> 0 | E13: ='Pricing Game'!F25 -> 7 | H13: el
A14: oe | B14: ='Congestion Game'!E26 -> 0 | C14: ='Congestion Game'!F26 -> 3 | D14: ='Pricing Game'!E26 -> oe | E14: ='Pricing Game'!F26 -> 3 | H14: oo
A15: oo | B15: ='Congestion Game'!E27 -> oo | C15: ='Congestion Game'!F27 -> 4 | D15: ='Pricing Game'!E27 -> 0 | E15: ='Pricing Game'!F27 -> 8 | H15: ol
A16: ol | B16: ='Congestion Game'!E28 -> 0 | C16: ='Congestion Game'!F28 -> 4 | D16: ='Pricing Game'!E28 -> 0 | E16: ='Pricing Game'!F28 -> 4 | H16: ll
A17: le | B17: ='Congestion Game'!E29 -> 0 | C17: ='Congestion Game'!F29 -> 7 | D17: ='Pricing Game'!E29 -> 0 | E17: ='Pricing Game'!F29 -> 7
A18: lo | B18: ='Congestion Game'!E30 -> 0 | C18: ='Congestion Game'!F30 -> 4 | D18: ='Pricing Game'!E30 -> 0 | E18: ='Pricing Game'!F30 -> 4
A19: ll | B19: ='Congestion Game'!E31 -> 0 | C19: ='Congestion Game'!F31 -> 12 | D19: ='Pricing Game'!E31 -> 0 | E19: ='Pricing Game'!F31 -> 16
A21: MinCost | C21: ='Congestion Game'!F33 -> 3 | E21: ='Pricing Game'!F33 -> 3
